seed,src,dst,request_idx,arrival_s,deadline_s,served,t_done_s,bits_needed,bits_delivered
1,A,B,0,0.0,0.05,True,0.03757453018910896,20.0,20.0
1,A,B,1,0.0005,0.0505,False,,20.0,0.0
1,A,B,2,0.001,0.051000000000000004,False,,20.0,0.0
1,A,B,3,0.0015,0.051500000000000004,False,,20.0,0.0
1,A,B,4,0.002,0.052000000000000005,False,,20.0,0.0
1,A,B,5,0.0025000000000000005,0.052500000000000005,False,,20.0,0.0
1,A,B,6,0.003,0.053000000000000005,False,,20.0,0.0
1,A,B,7,0.0035000000000000005,0.053500000000000006,False,,20.0,0.0
1,A,B,8,0.004,0.054000000000000006,False,,20.0,0.0
1,A,B,9,0.0045,0.0545,False,,20.0,0.0
1,A,B,10,0.005000000000000001,0.05500000000000001,False,,20.0,0.0
1,A,B,11,0.0055000000000000005,0.0555,False,,20.0,0.0
1,A,B,12,0.006,0.056,False,,20.0,0.0
1,A,B,13,0.006500000000000001,0.0565,False,,20.0,0.0
1,A,B,14,0.007000000000000001,0.057,False,,20.0,0.0
1,A,B,15,0.0075,0.0575,False,,20.0,0.0
1,A,B,16,0.008,0.058,False,,20.0,0.0
1,A,B,17,0.0085,0.0585,False,,20.0,0.0
1,A,B,18,0.009,0.059000000000000004,False,,20.0,0.0
1,A,B,19,0.009500000000000001,0.059500000000000004,False,,20.0,0.0
1,A,B,20,0.010000000000000002,0.060000000000000005,False,,20.0,0.0
1,A,B,21,0.0105,0.060500000000000005,False,,20.0,0.0
1,A,B,22,0.011000000000000001,0.061000000000000006,False,,20.0,0.0
1,A,B,23,0.011500000000000002,0.061500000000000006,True,0.061226654433228715,20.0,20.0
1,A,B,24,0.012,0.062,False,,20.0,0.0
1,A,B,25,0.0125,0.0625,False,,20.0,0.0
1,A,B,26,0.013000000000000001,0.063,False,,20.0,0.0
1,A,B,27,0.013500000000000002,0.0635,False,,20.0,0.0
1,A,B,28,0.014000000000000002,0.064,False,,20.0,0.0
1,A,B,29,0.014499999999999999,0.0645,False,,20.0,0.0
1,A,B,30,0.015,0.065,False,,20.0,0.0
1,A,B,31,0.0155,0.0655,False,,20.0,0.0
1,A,B,32,0.016,0.066,False,,20.0,0.0
1,A,B,33,0.0165,0.0665,False,,20.0,0.0
1,A,B,34,0.017,0.067,False,,20.0,0.0
1,A,B,35,0.017499999999999998,0.0675,False,,20.0,0.0
1,A,B,36,0.018,0.068,False,,20.0,0.0
1,A,B,37,0.0185,0.0685,False,,20.0,0.0
1,A,B,38,0.019000000000000003,0.069,False,,20.0,0.0
1,A,B,39,0.019500000000000003,0.0695,False,,20.0,0.0
1,A,B,40,0.020000000000000004,0.07,False,,20.0,0.0
1,A,B,41,0.0205,0.07050000000000001,False,,20.0,0.0
1,A,B,42,0.021,0.07100000000000001,False,,20.0,0.0
1,A,B,43,0.021500000000000002,0.07150000000000001,False,,20.0,0.0
1,A,B,44,0.022000000000000002,0.07200000000000001,False,,20.0,0.0
1,A,B,45,0.022500000000000003,0.07250000000000001,False,,20.0,0.0
1,A,B,46,0.023000000000000003,0.07300000000000001,False,,20.0,0.0
1,A,B,47,0.0235,0.07350000000000001,False,,20.0,0.0
1,A,B,48,0.024,0.07400000000000001,False,,20.0,0.0
1,A,B,49,0.0245,0.07450000000000001,False,,20.0,0.0
1,A,B,50,0.025,0.07500000000000001,False,,20.0,0.0
1,A,B,51,0.025500000000000002,0.07550000000000001,False,,20.0,0.0
1,A,B,52,0.026000000000000002,0.07600000000000001,False,,20.0,0.0
1,A,B,53,0.026500000000000003,0.07650000000000001,False,,20.0,0.0
1,A,B,54,0.027000000000000003,0.07700000000000001,False,,20.0,0.0
1,A,B,55,0.027500000000000004,0.07750000000000001,False,,20.0,0.0
1,A,B,56,0.028000000000000004,0.07800000000000001,False,,20.0,0.0
1,A,B,57,0.028499999999999998,0.0785,False,,20.0,0.0
1,A,B,58,0.028999999999999998,0.079,False,,20.0,0.0
1,A,B,59,0.0295,0.0795,False,,20.0,0.0
1,A,B,60,0.03,0.08,False,,20.0,0.0
1,A,B,61,0.0305,0.0805,False,,20.0,0.0
1,A,B,62,0.031,0.081,False,,20.0,0.0
1,A,B,63,0.0315,0.0815,False,,20.0,0.0
1,A,B,64,0.032,0.082,False,,20.0,0.0
1,A,B,65,0.0325,0.0825,False,,20.0,0.0
1,A,B,66,0.033,0.083,False,,20.0,0.0
1,A,B,67,0.0335,0.0835,False,,20.0,0.0
1,A,B,68,0.034,0.084,False,,20.0,0.0
1,A,B,69,0.034499999999999996,0.08449999999999999,False,,20.0,0.0
1,A,B,70,0.034999999999999996,0.08499999999999999,False,,20.0,0.0
1,A,B,71,0.0355,0.08549999999999999,False,,20.0,0.0
1,A,B,72,0.036,0.086,False,,20.0,0.0
1,A,B,73,0.0365,0.0865,False,,20.0,0.0
1,A,B,74,0.037,0.087,False,,20.0,0.0
1,A,B,75,0.037500000000000006,0.08750000000000001,False,,20.0,0.0
1,A,B,76,0.038000000000000006,0.08800000000000001,False,,20.0,0.0
1,A,B,77,0.038500000000000006,0.08850000000000001,True,0.08843579764573946,20.0,20.0
1,A,B,78,0.03900000000000001,0.08900000000000001,False,,20.0,0.0
1,A,B,79,0.03950000000000001,0.08950000000000001,False,,20.0,0.0
1,A,B,80,0.04000000000000001,0.09000000000000001,False,,20.0,0.0
1,A,B,81,0.04050000000000001,0.09050000000000001,False,,20.0,0.0
1,A,B,82,0.041,0.091,False,,20.0,0.0
1,A,B,83,0.0415,0.0915,False,,20.0,0.0
1,A,B,84,0.042,0.092,False,,20.0,0.0
1,A,B,85,0.0425,0.0925,False,,20.0,0.0
1,A,B,86,0.043000000000000003,0.093,False,,20.0,0.0
1,A,B,87,0.043500000000000004,0.0935,False,,20.0,0.0
1,A,B,88,0.044000000000000004,0.094,False,,20.0,0.0
1,A,B,89,0.044500000000000005,0.0945,False,,20.0,0.0
1,A,B,90,0.045000000000000005,0.095,False,,20.0,0.0
1,A,B,91,0.045500000000000006,0.0955,False,,20.0,0.0
1,A,B,92,0.046000000000000006,0.096,False,,20.0,0.0
1,A,B,93,0.04650000000000001,0.0965,False,,20.0,0.0
1,A,B,94,0.047,0.097,False,,20.0,0.0
1,A,B,95,0.0475,0.0975,False,,20.0,0.0
1,A,B,96,0.048,0.098,False,,20.0,0.0
1,A,B,97,0.0485,0.0985,False,,20.0,0.0
1,A,B,98,0.049,0.099,False,,20.0,0.0
1,A,B,99,0.0495,0.0995,False,,20.0,0.0
1,A,B,100,0.05,0.1,False,,20.0,0.0
1,A,B,101,0.0505,0.1005,False,,20.0,0.0
1,A,B,102,0.051000000000000004,0.101,False,,20.0,0.0
1,A,B,103,0.051500000000000004,0.1015,False,,20.0,0.0
1,A,B,104,0.052000000000000005,0.10200000000000001,False,,20.0,0.0
1,A,B,105,0.052500000000000005,0.10250000000000001,False,,20.0,0.0
1,A,B,106,0.053000000000000005,0.10300000000000001,False,,20.0,0.0
1,A,B,107,0.053500000000000006,0.10350000000000001,False,,20.0,0.0
1,A,B,108,0.054000000000000006,0.10400000000000001,False,,20.0,0.0
1,A,B,109,0.05450000000000001,0.10450000000000001,False,,20.0,0.0
1,A,B,110,0.05500000000000001,0.10500000000000001,False,,20.0,0.0
1,A,B,111,0.05550000000000001,0.10550000000000001,False,,20.0,0.0
1,A,B,112,0.05600000000000001,0.10600000000000001,False,,20.0,0.0
1,A,B,113,0.056499999999999995,0.1065,False,,20.0,0.0
1,A,B,114,0.056999999999999995,0.107,False,,20.0,0.0
1,A,B,115,0.057499999999999996,0.1075,False,,20.0,0.0
1,A,B,116,0.057999999999999996,0.108,False,,20.0,0.0
1,A,B,117,0.058499999999999996,0.1085,False,,20.0,0.0
1,A,B,118,0.059,0.109,False,,20.0,0.0
1,A,B,119,0.0595,0.1095,False,,20.0,0.0
1,A,B,120,0.06,0.11,False,,20.0,0.0
1,A,B,121,0.0605,0.1105,False,,20.0,0.0
1,A,B,122,0.061,0.111,False,,20.0,0.0
1,A,B,123,0.0615,0.1115,False,,20.0,0.0
1,A,B,124,0.062,0.112,False,,20.0,0.0
1,A,B,125,0.0625,0.1125,True,0.11211507728332575,20.0,20.0
1,A,B,126,0.063,0.113,False,,20.0,0.0
1,A,B,127,0.0635,0.1135,False,,20.0,0.0
1,A,B,128,0.064,0.114,False,,20.0,0.0
1,A,B,129,0.0645,0.1145,False,,20.0,0.0
1,A,B,130,0.065,0.115,False,,20.0,0.0
1,A,B,131,0.0655,0.1155,False,,20.0,0.0
1,A,B,132,0.066,0.116,False,,20.0,0.0
1,A,B,133,0.0665,0.1165,False,,20.0,0.0
1,A,B,134,0.067,0.117,False,,20.0,0.0
1,A,B,135,0.0675,0.11750000000000001,False,,20.0,0.0
1,A,B,136,0.068,0.11800000000000001,False,,20.0,0.0
1,A,B,137,0.0685,0.11850000000000001,False,,20.0,0.0
1,A,B,138,0.06899999999999999,0.119,False,,20.0,0.0
1,A,B,139,0.06949999999999999,0.1195,False,,20.0,0.0
1,A,B,140,0.06999999999999999,0.12,False,,20.0,0.0
1,A,B,141,0.0705,0.1205,False,,20.0,0.0
1,A,B,142,0.071,0.121,False,,20.0,0.0
1,A,B,143,0.0715,0.1215,False,,20.0,0.0
1,A,B,144,0.072,0.122,False,,20.0,0.0
1,A,B,145,0.0725,0.1225,False,,20.0,0.0
1,A,B,146,0.073,0.123,False,,20.0,0.0
1,A,B,147,0.0735,0.1235,False,,20.0,0.0
1,A,B,148,0.074,0.124,False,,20.0,0.0
1,A,B,149,0.0745,0.1245,False,,20.0,0.0
1,A,B,150,0.07500000000000001,0.125,False,,20.0,0.0
1,A,B,151,0.07550000000000001,0.1255,False,,20.0,0.0
1,A,B,152,0.07600000000000001,0.126,False,,20.0,0.0
1,A,B,153,0.07650000000000001,0.1265,False,,20.0,0.0
1,A,B,154,0.07700000000000001,0.127,False,,20.0,0.0
1,A,B,155,0.07750000000000001,0.1275,False,,20.0,0.0
1,A,B,156,0.07800000000000001,0.128,False,,20.0,0.0
1,A,B,157,0.07850000000000001,0.1285,False,,20.0,0.0
1,A,B,158,0.07900000000000001,0.129,False,,20.0,0.0
1,A,B,159,0.07950000000000002,0.1295,False,,20.0,0.0
1,A,B,160,0.08000000000000002,0.13,False,,20.0,0.0
1,A,B,161,0.08050000000000002,0.1305,False,,20.0,0.0
1,A,B,162,0.08100000000000002,0.131,False,,20.0,0.0
1,A,B,163,0.0815,0.1315,False,,20.0,0.0
1,A,B,164,0.082,0.132,False,,20.0,0.0
1,A,B,165,0.0825,0.1325,False,,20.0,0.0
1,A,B,166,0.083,0.133,False,,20.0,0.0
1,A,B,167,0.0835,0.1335,False,,20.0,0.0
1,A,B,168,0.084,0.134,False,,20.0,0.0
1,A,B,169,0.0845,0.1345,False,,20.0,0.0
1,A,B,170,0.085,0.135,False,,20.0,0.0
1,A,B,171,0.0855,0.1355,False,,20.0,0.0
1,A,B,172,0.08600000000000001,0.136,False,,20.0,0.0
1,A,B,173,0.08650000000000001,0.1365,False,,20.0,0.0
1,A,B,174,0.08700000000000001,0.137,False,,20.0,0.0
1,A,B,175,0.08750000000000001,0.1375,False,,20.0,0.0
1,A,B,176,0.08800000000000001,0.138,False,,20.0,0.0
1,A,B,177,0.08850000000000001,0.1385,True,0.13835729634646765,20.0,20.0
1,A,B,178,0.08900000000000001,0.139,False,,20.0,0.0
1,A,B,179,0.08950000000000001,0.1395,False,,20.0,0.0
1,A,B,180,0.09000000000000001,0.14,False,,20.0,0.0
1,A,B,181,0.09050000000000001,0.1405,False,,20.0,0.0
1,A,B,182,0.09100000000000001,0.14100000000000001,False,,20.0,0.0
1,A,B,183,0.09150000000000001,0.14150000000000001,False,,20.0,0.0
1,A,B,184,0.09200000000000001,0.14200000000000002,False,,20.0,0.0
1,A,B,185,0.09250000000000001,0.14250000000000002,False,,20.0,0.0
1,A,B,186,0.09300000000000001,0.14300000000000002,False,,20.0,0.0
1,A,B,187,0.09350000000000001,0.14350000000000002,False,,20.0,0.0
1,A,B,188,0.094,0.14400000000000002,False,,20.0,0.0
1,A,B,189,0.0945,0.14450000000000002,False,,20.0,0.0
1,A,B,190,0.095,0.14500000000000002,False,,20.0,0.0
1,A,B,191,0.0955,0.14550000000000002,False,,20.0,0.0
1,A,B,192,0.096,0.14600000000000002,False,,20.0,0.0
1,A,B,193,0.0965,0.14650000000000002,False,,20.0,0.0
1,A,B,194,0.097,0.14700000000000002,False,,20.0,0.0
1,A,B,195,0.0975,0.14750000000000002,False,,20.0,0.0
1,A,B,196,0.098,0.14800000000000002,False,,20.0,0.0
1,A,B,197,0.0985,0.14850000000000002,False,,20.0,0.0
1,A,B,198,0.099,0.14900000000000002,False,,20.0,0.0
1,A,B,199,0.0995,0.14950000000000002,False,,20.0,0.0
