study,scenario,eta,k,seed,success_rate
study_eta_sanity,DQT,0.05,0,0,0.03
study_eta_sanity,DQT,0.05,0,1,0.025
study_eta_sanity,DQT,0.05,0,2,0.03
study_eta_sanity,DQT,0.05,0,3,0.025
study_eta_sanity,DQT,0.05,0,4,0.025
study_eta_sanity,DQT,0.05,0,5,0.03
study_eta_sanity,DQT,0.05,0,6,0.025
study_eta_sanity,DQT,0.05,0,7,0.03
study_eta_sanity,DQT,0.05,0,8,0.03
study_eta_sanity,DQT,0.05,0,9,0.03
study_eta_sanity,DQT,0.95,0,0,0.03
study_eta_sanity,DQT,0.95,0,1,0.025
study_eta_sanity,DQT,0.95,0,2,0.03
study_eta_sanity,DQT,0.95,0,3,0.025
study_eta_sanity,DQT,0.95,0,4,0.025
study_eta_sanity,DQT,0.95,0,5,0.03
study_eta_sanity,DQT,0.95,0,6,0.025
study_eta_sanity,DQT,0.95,0,7,0.03
study_eta_sanity,DQT,0.95,0,8,0.03
study_eta_sanity,DQT,0.95,0,9,0.03
study_eta_sanity,EQT,0.05,0,0,0.03
study_eta_sanity,EQT,0.05,0,1,0.025
study_eta_sanity,EQT,0.05,0,2,0.03
study_eta_sanity,EQT,0.05,0,3,0.025
study_eta_sanity,EQT,0.05,0,4,0.025
study_eta_sanity,EQT,0.05,0,5,0.03
study_eta_sanity,EQT,0.05,0,6,0.025
study_eta_sanity,EQT,0.05,0,7,0.03
study_eta_sanity,EQT,0.05,0,8,0.03
study_eta_sanity,EQT,0.05,0,9,0.03
study_eta_sanity,EQT,0.95,0,0,0.03
study_eta_sanity,EQT,0.95,0,1,0.025
study_eta_sanity,EQT,0.95,0,2,0.03
study_eta_sanity,EQT,0.95,0,3,0.025
study_eta_sanity,EQT,0.95,0,4,0.025
study_eta_sanity,EQT,0.95,0,5,0.03
study_eta_sanity,EQT,0.95,0,6,0.025
study_eta_sanity,EQT,0.95,0,7,0.03
study_eta_sanity,EQT,0.95,0,8,0.03
study_eta_sanity,EQT,0.95,0,9,0.03
study_transducer_availability,BK,0.6,0,0,0.025
study_transducer_availability,BK,0.6,0,1,0.02
study_transducer_availability,BK,0.6,0,2,0.03
study_transducer_availability,BK,0.6,0,3,0.025
study_transducer_availability,BK,0.6,0,4,0.025
study_transducer_availability,BK,0.6,0,5,0.03
study_transducer_availability,BK,0.6,0,6,0.025
study_transducer_availability,BK,0.6,0,7,0.025
study_transducer_availability,BK,0.6,0,8,0.025
study_transducer_availability,BK,0.6,0,9,0.03
study_transducer_availability,BK,0.6,0,10,0.025
study_transducer_availability,BK,0.6,0,11,0.02
study_transducer_availability,BK,0.6,0,12,0.02
study_transducer_availability,BK,0.6,0,13,0.025
study_transducer_availability,BK,0.6,0,14,0.02
study_transducer_availability,BK,0.6,0,15,0.025
study_transducer_availability,BK,0.6,0,16,0.02
study_transducer_availability,BK,0.6,0,17,0.025
study_transducer_availability,BK,0.6,0,18,0.025
study_transducer_availability,BK,0.6,0,19,0.025
study_transducer_availability,BK,0.6,0,20,0.025
study_transducer_availability,BK,0.6,0,21,0.025
study_transducer_availability,BK,0.6,0,22,0.025
study_transducer_availability,BK,0.6,0,23,0.025
study_transducer_availability,BK,0.6,0,24,0.03
study_transducer_availability,BK,0.6,0,25,0.02
study_transducer_availability,BK,0.6,0,26,0.02
study_transducer_availability,BK,0.6,0,27,0.025
study_transducer_availability,BK,0.6,0,28,0.02
study_transducer_availability,BK,0.6,0,29,0.025
study_transducer_availability,BK,0.8,0,0,0.025
study_transducer_availability,BK,0.8,0,1,0.02
study_transducer_availability,BK,0.8,0,2,0.03
study_transducer_availability,BK,0.8,0,3,0.025
study_transducer_availability,BK,0.8,0,4,0.025
study_transducer_availability,BK,0.8,0,5,0.03
study_transducer_availability,BK,0.8,0,6,0.025
study_transducer_availability,BK,0.8,0,7,0.025
study_transducer_availability,BK,0.8,0,8,0.025
study_transducer_availability,BK,0.8,0,9,0.03
study_transducer_availability,BK,0.8,0,10,0.025
study_transducer_availability,BK,0.8,0,11,0.02
study_transducer_availability,BK,0.8,0,12,0.02
study_transducer_availability,BK,0.8,0,13,0.025
study_transducer_availability,BK,0.8,0,14,0.02
study_transducer_availability,BK,0.8,0,15,0.025
study_transducer_availability,BK,0.8,0,16,0.02
study_transducer_availability,BK,0.8,0,17,0.025
study_transducer_availability,BK,0.8,0,18,0.025
study_transducer_availability,BK,0.8,0,19,0.025
study_transducer_availability,BK,0.8,0,20,0.025
study_transducer_availability,BK,0.8,0,21,0.025
study_transducer_availability,BK,0.8,0,22,0.025
study_transducer_availability,BK,0.8,0,23,0.025
study_transducer_availability,BK,0.8,0,24,0.03
study_transducer_availability,BK,0.8,0,25,0.02
study_transducer_availability,BK,0.8,0,26,0.02
study_transducer_availability,BK,0.8,0,27,0.025
study_transducer_availability,BK,0.8,0,28,0.02
study_transducer_availability,BK,0.8,0,29,0.025
study_transducer_availability,BK,0.9,0,0,0.025
study_transducer_availability,BK,0.9,0,1,0.02
study_transducer_availability,BK,0.9,0,2,0.03
study_transducer_availability,BK,0.9,0,3,0.025
study_transducer_availability,BK,0.9,0,4,0.025
study_transducer_availability,BK,0.9,0,5,0.03
study_transducer_availability,BK,0.9,0,6,0.025
study_transducer_availability,BK,0.9,0,7,0.025
study_transducer_availability,BK,0.9,0,8,0.025
study_transducer_availability,BK,0.9,0,9,0.03
study_transducer_availability,BK,0.9,0,10,0.025
study_transducer_availability,BK,0.9,0,11,0.02
study_transducer_availability,BK,0.9,0,12,0.02
study_transducer_availability,BK,0.9,0,13,0.025
study_transducer_availability,BK,0.9,0,14,0.02
study_transducer_availability,BK,0.9,0,15,0.025
study_transducer_availability,BK,0.9,0,16,0.02
study_transducer_availability,BK,0.9,0,17,0.025
study_transducer_availability,BK,0.9,0,18,0.025
study_transducer_availability,BK,0.9,0,19,0.025
study_transducer_availability,BK,0.9,0,20,0.025
study_transducer_availability,BK,0.9,0,21,0.025
study_transducer_availability,BK,0.9,0,22,0.025
study_transducer_availability,BK,0.9,0,23,0.025
study_transducer_availability,BK,0.9,0,24,0.03
study_transducer_availability,BK,0.9,0,25,0.02
study_transducer_availability,BK,0.9,0,26,0.02
study_transducer_availability,BK,0.9,0,27,0.025
study_transducer_availability,BK,0.9,0,28,0.02
study_transducer_availability,BK,0.9,0,29,0.025
study_transducer_availability,DQT,0.6,0,0,0.03
study_transducer_availability,DQT,0.6,0,1,0.025
study_transducer_availability,DQT,0.6,0,2,0.03
study_transducer_availability,DQT,0.6,0,3,0.025
study_transducer_availability,DQT,0.6,0,4,0.025
study_transducer_availability,DQT,0.6,0,5,0.03
study_transducer_availability,DQT,0.6,0,6,0.025
study_transducer_availability,DQT,0.6,0,7,0.03
study_transducer_availability,DQT,0.6,0,8,0.03
study_transducer_availability,DQT,0.6,0,9,0.03
study_transducer_availability,DQT,0.6,0,10,0.03
study_transducer_availability,DQT,0.6,0,11,0.025
study_transducer_availability,DQT,0.6,0,12,0.025
study_transducer_availability,DQT,0.6,0,13,0.03
study_transducer_availability,DQT,0.6,0,14,0.03
study_transducer_availability,DQT,0.6,0,15,0.025
study_transducer_availability,DQT,0.6,0,16,0.025
study_transducer_availability,DQT,0.6,0,17,0.03
study_transducer_availability,DQT,0.6,0,18,0.03
study_transducer_availability,DQT,0.6,0,19,0.03
study_transducer_availability,DQT,0.6,0,20,0.03
study_transducer_availability,DQT,0.6,0,21,0.03
study_transducer_availability,DQT,0.6,0,22,0.03
study_transducer_availability,DQT,0.6,0,23,0.025
study_transducer_availability,DQT,0.6,0,24,0.03
study_transducer_availability,DQT,0.6,0,25,0.03
study_transducer_availability,DQT,0.6,0,26,0.025
study_transducer_availability,DQT,0.6,0,27,0.025
study_transducer_availability,DQT,0.6,0,28,0.025
study_transducer_availability,DQT,0.6,0,29,0.03
study_transducer_availability,DQT,0.8,0,0,0.03
study_transducer_availability,DQT,0.8,0,1,0.025
study_transducer_availability,DQT,0.8,0,2,0.03
study_transducer_availability,DQT,0.8,0,3,0.025
study_transducer_availability,DQT,0.8,0,4,0.025
study_transducer_availability,DQT,0.8,0,5,0.03
study_transducer_availability,DQT,0.8,0,6,0.025
study_transducer_availability,DQT,0.8,0,7,0.03
study_transducer_availability,DQT,0.8,0,8,0.03
study_transducer_availability,DQT,0.8,0,9,0.03
study_transducer_availability,DQT,0.8,0,10,0.03
study_transducer_availability,DQT,0.8,0,11,0.025
study_transducer_availability,DQT,0.8,0,12,0.025
study_transducer_availability,DQT,0.8,0,13,0.03
study_transducer_availability,DQT,0.8,0,14,0.03
study_transducer_availability,DQT,0.8,0,15,0.025
study_transducer_availability,DQT,0.8,0,16,0.025
study_transducer_availability,DQT,0.8,0,17,0.03
study_transducer_availability,DQT,0.8,0,18,0.03
study_transducer_availability,DQT,0.8,0,19,0.03
study_transducer_availability,DQT,0.8,0,20,0.03
study_transducer_availability,DQT,0.8,0,21,0.03
study_transducer_availability,DQT,0.8,0,22,0.03
study_transducer_availability,DQT,0.8,0,23,0.025
study_transducer_availability,DQT,0.8,0,24,0.03
study_transducer_availability,DQT,0.8,0,25,0.03
study_transducer_availability,DQT,0.8,0,26,0.025
study_transducer_availability,DQT,0.8,0,27,0.025
study_transducer_availability,DQT,0.8,0,28,0.025
study_transducer_availability,DQT,0.8,0,29,0.03
study_transducer_availability,DQT,0.9,0,0,0.03
study_transducer_availability,DQT,0.9,0,1,0.025
study_transducer_availability,DQT,0.9,0,2,0.03
study_transducer_availability,DQT,0.9,0,3,0.025
study_transducer_availability,DQT,0.9,0,4,0.025
study_transducer_availability,DQT,0.9,0,5,0.03
study_transducer_availability,DQT,0.9,0,6,0.025
study_transducer_availability,DQT,0.9,0,7,0.03
study_transducer_availability,DQT,0.9,0,8,0.03
study_transducer_availability,DQT,0.9,0,9,0.03
study_transducer_availability,DQT,0.9,0,10,0.03
study_transducer_availability,DQT,0.9,0,11,0.025
study_transducer_availability,DQT,0.9,0,12,0.025
study_transducer_availability,DQT,0.9,0,13,0.03
study_transducer_availability,DQT,0.9,0,14,0.03
study_transducer_availability,DQT,0.9,0,15,0.025
study_transducer_availability,DQT,0.9,0,16,0.025
study_transducer_availability,DQT,0.9,0,17,0.03
study_transducer_availability,DQT,0.9,0,18,0.03
study_transducer_availability,DQT,0.9,0,19,0.03
study_transducer_availability,DQT,0.9,0,20,0.03
study_transducer_availability,DQT,0.9,0,21,0.03
study_transducer_availability,DQT,0.9,0,22,0.03
study_transducer_availability,DQT,0.9,0,23,0.025
study_transducer_availability,DQT,0.9,0,24,0.03
study_transducer_availability,DQT,0.9,0,25,0.03
study_transducer_availability,DQT,0.9,0,26,0.025
study_transducer_availability,DQT,0.9,0,27,0.025
study_transducer_availability,DQT,0.9,0,28,0.025
study_transducer_availability,DQT,0.9,0,29,0.03
study_transducer_availability,EQT,0.6,0,0,0.03
study_transducer_availability,EQT,0.6,0,1,0.025
study_transducer_availability,EQT,0.6,0,2,0.03
study_transducer_availability,EQT,0.6,0,3,0.025
study_transducer_availability,EQT,0.6,0,4,0.025
study_transducer_availability,EQT,0.6,0,5,0.03
study_transducer_availability,EQT,0.6,0,6,0.025
study_transducer_availability,EQT,0.6,0,7,0.03
study_transducer_availability,EQT,0.6,0,8,0.03
study_transducer_availability,EQT,0.6,0,9,0.03
study_transducer_availability,EQT,0.6,0,10,0.03
study_transducer_availability,EQT,0.6,0,11,0.025
study_transducer_availability,EQT,0.6,0,12,0.025
study_transducer_availability,EQT,0.6,0,13,0.03
study_transducer_availability,EQT,0.6,0,14,0.03
study_transducer_availability,EQT,0.6,0,15,0.025
study_transducer_availability,EQT,0.6,0,16,0.025
study_transducer_availability,EQT,0.6,0,17,0.03
study_transducer_availability,EQT,0.6,0,18,0.03
study_transducer_availability,EQT,0.6,0,19,0.03
study_transducer_availability,EQT,0.6,0,20,0.03
study_transducer_availability,EQT,0.6,0,21,0.03
study_transducer_availability,EQT,0.6,0,22,0.03
study_transducer_availability,EQT,0.6,0,23,0.025
study_transducer_availability,EQT,0.6,0,24,0.03
study_transducer_availability,EQT,0.6,0,25,0.03
study_transducer_availability,EQT,0.6,0,26,0.025
study_transducer_availability,EQT,0.6,0,27,0.025
study_transducer_availability,EQT,0.6,0,28,0.025
study_transducer_availability,EQT,0.6,0,29,0.03
study_transducer_availability,EQT,0.8,0,0,0.03
study_transducer_availability,EQT,0.8,0,1,0.025
study_transducer_availability,EQT,0.8,0,2,0.03
study_transducer_availability,EQT,0.8,0,3,0.025
study_transducer_availability,EQT,0.8,0,4,0.025
study_transducer_availability,EQT,0.8,0,5,0.03
study_transducer_availability,EQT,0.8,0,6,0.025
study_transducer_availability,EQT,0.8,0,7,0.03
study_transducer_availability,EQT,0.8,0,8,0.03
study_transducer_availability,EQT,0.8,0,9,0.03
study_transducer_availability,EQT,0.8,0,10,0.03
study_transducer_availability,EQT,0.8,0,11,0.025
study_transducer_availability,EQT,0.8,0,12,0.025
study_transducer_availability,EQT,0.8,0,13,0.03
study_transducer_availability,EQT,0.8,0,14,0.03
study_transducer_availability,EQT,0.8,0,15,0.025
study_transducer_availability,EQT,0.8,0,16,0.025
study_transducer_availability,EQT,0.8,0,17,0.03
study_transducer_availability,EQT,0.8,0,18,0.03
study_transducer_availability,EQT,0.8,0,19,0.03
study_transducer_availability,EQT,0.8,0,20,0.03
study_transducer_availability,EQT,0.8,0,21,0.03
study_transducer_availability,EQT,0.8,0,22,0.03
study_transducer_availability,EQT,0.8,0,23,0.025
study_transducer_availability,EQT,0.8,0,24,0.03
study_transducer_availability,EQT,0.8,0,25,0.03
study_transducer_availability,EQT,0.8,0,26,0.025
study_transducer_availability,EQT,0.8,0,27,0.025
study_transducer_availability,EQT,0.8,0,28,0.025
study_transducer_availability,EQT,0.8,0,29,0.03
study_transducer_availability,EQT,0.9,0,0,0.03
study_transducer_availability,EQT,0.9,0,1,0.025
study_transducer_availability,EQT,0.9,0,2,0.03
study_transducer_availability,EQT,0.9,0,3,0.025
study_transducer_availability,EQT,0.9,0,4,0.025
study_transducer_availability,EQT,0.9,0,5,0.03
study_transducer_availability,EQT,0.9,0,6,0.025
study_transducer_availability,EQT,0.9,0,7,0.03
study_transducer_availability,EQT,0.9,0,8,0.03
study_transducer_availability,EQT,0.9,0,9,0.03
study_transducer_availability,EQT,0.9,0,10,0.03
study_transducer_availability,EQT,0.9,0,11,0.025
study_transducer_availability,EQT,0.9,0,12,0.025
study_transducer_availability,EQT,0.9,0,13,0.03
study_transducer_availability,EQT,0.9,0,14,0.03
study_transducer_availability,EQT,0.9,0,15,0.025
study_transducer_availability,EQT,0.9,0,16,0.025
study_transducer_availability,EQT,0.9,0,17,0.03
study_transducer_availability,EQT,0.9,0,18,0.03
study_transducer_availability,EQT,0.9,0,19,0.03
study_transducer_availability,EQT,0.9,0,20,0.03
study_transducer_availability,EQT,0.9,0,21,0.03
study_transducer_availability,EQT,0.9,0,22,0.03
study_transducer_availability,EQT,0.9,0,23,0.025
study_transducer_availability,EQT,0.9,0,24,0.03
study_transducer_availability,EQT,0.9,0,25,0.03
study_transducer_availability,EQT,0.9,0,26,0.025
study_transducer_availability,EQT,0.9,0,27,0.025
study_transducer_availability,EQT,0.9,0,28,0.025
study_transducer_availability,EQT,0.9,0,29,0.03
study_upgrade_k,BK,0.6,0,0,0.0
study_upgrade_k,BK,0.6,0,1,0.0
study_upgrade_k,BK,0.6,0,2,0.0
study_upgrade_k,BK,0.6,0,3,0.0
study_upgrade_k,BK,0.6,0,4,0.0
study_upgrade_k,BK,0.6,0,5,0.0
study_upgrade_k,BK,0.6,0,6,0.0
study_upgrade_k,BK,0.6,0,7,0.0
study_upgrade_k,BK,0.6,0,8,0.0
study_upgrade_k,BK,0.6,0,9,0.0
study_upgrade_k,BK,0.6,0,10,0.0
study_upgrade_k,BK,0.6,0,11,0.0
study_upgrade_k,BK,0.6,0,12,0.0
study_upgrade_k,BK,0.6,0,13,0.0
study_upgrade_k,BK,0.6,0,14,0.0
study_upgrade_k,BK,0.6,0,15,0.0
study_upgrade_k,BK,0.6,0,16,0.0
study_upgrade_k,BK,0.6,0,17,0.0
study_upgrade_k,BK,0.6,0,18,0.0
study_upgrade_k,BK,0.6,0,19,0.0
study_upgrade_k,BK,0.6,0,20,0.0
study_upgrade_k,BK,0.6,0,21,0.0
study_upgrade_k,BK,0.6,0,22,0.0
study_upgrade_k,BK,0.6,0,23,0.0
study_upgrade_k,BK,0.6,0,24,0.0
study_upgrade_k,BK,0.6,0,25,0.0
study_upgrade_k,BK,0.6,0,26,0.0
study_upgrade_k,BK,0.6,0,27,0.0
study_upgrade_k,BK,0.6,0,28,0.0
study_upgrade_k,BK,0.6,0,29,0.0
study_upgrade_k,BK,0.8,0,0,0.0
study_upgrade_k,BK,0.8,0,1,0.0
study_upgrade_k,BK,0.8,0,2,0.0
study_upgrade_k,BK,0.8,0,3,0.0
study_upgrade_k,BK,0.8,0,4,0.0
study_upgrade_k,BK,0.8,0,5,0.0
study_upgrade_k,BK,0.8,0,6,0.0
study_upgrade_k,BK,0.8,0,7,0.0
study_upgrade_k,BK,0.8,0,8,0.0
study_upgrade_k,BK,0.8,0,9,0.0
study_upgrade_k,BK,0.8,0,10,0.0
study_upgrade_k,BK,0.8,0,11,0.0
study_upgrade_k,BK,0.8,0,12,0.0
study_upgrade_k,BK,0.8,0,13,0.0
study_upgrade_k,BK,0.8,0,14,0.0
study_upgrade_k,BK,0.8,0,15,0.0
study_upgrade_k,BK,0.8,0,16,0.0
study_upgrade_k,BK,0.8,0,17,0.0
study_upgrade_k,BK,0.8,0,18,0.0
study_upgrade_k,BK,0.8,0,19,0.0
study_upgrade_k,BK,0.8,0,20,0.0
study_upgrade_k,BK,0.8,0,21,0.0
study_upgrade_k,BK,0.8,0,22,0.0
study_upgrade_k,BK,0.8,0,23,0.0
study_upgrade_k,BK,0.8,0,24,0.0
study_upgrade_k,BK,0.8,0,25,0.0
study_upgrade_k,BK,0.8,0,26,0.0
study_upgrade_k,BK,0.8,0,27,0.0
study_upgrade_k,BK,0.8,0,28,0.0
study_upgrade_k,BK,0.8,0,29,0.0
study_upgrade_k,BK,0.9,0,0,0.0
study_upgrade_k,BK,0.9,0,1,0.0
study_upgrade_k,BK,0.9,0,2,0.0
study_upgrade_k,BK,0.9,0,3,0.0
study_upgrade_k,BK,0.9,0,4,0.0
study_upgrade_k,BK,0.9,0,5,0.0
study_upgrade_k,BK,0.9,0,6,0.0
study_upgrade_k,BK,0.9,0,7,0.0
study_upgrade_k,BK,0.9,0,8,0.0
study_upgrade_k,BK,0.9,0,9,0.0
study_upgrade_k,BK,0.9,0,10,0.0
study_upgrade_k,BK,0.9,0,11,0.0
study_upgrade_k,BK,0.9,0,12,0.0
study_upgrade_k,BK,0.9,0,13,0.0
study_upgrade_k,BK,0.9,0,14,0.0
study_upgrade_k,BK,0.9,0,15,0.0
study_upgrade_k,BK,0.9,0,16,0.0
study_upgrade_k,BK,0.9,0,17,0.0
study_upgrade_k,BK,0.9,0,18,0.0
study_upgrade_k,BK,0.9,0,19,0.0
study_upgrade_k,BK,0.9,0,20,0.0
study_upgrade_k,BK,0.9,0,21,0.0
study_upgrade_k,BK,0.9,0,22,0.0
study_upgrade_k,BK,0.9,0,23,0.0
study_upgrade_k,BK,0.9,0,24,0.0
study_upgrade_k,BK,0.9,0,25,0.0
study_upgrade_k,BK,0.9,0,26,0.0
study_upgrade_k,BK,0.9,0,27,0.0
study_upgrade_k,BK,0.9,0,28,0.0
study_upgrade_k,BK,0.9,0,29,0.0
study_upgrade_k,DQT,0.6,0,0,0.0
study_upgrade_k,DQT,0.6,0,1,0.0
study_upgrade_k,DQT,0.6,0,2,0.0
study_upgrade_k,DQT,0.6,0,3,0.0
study_upgrade_k,DQT,0.6,0,4,0.0
study_upgrade_k,DQT,0.6,0,5,0.0
study_upgrade_k,DQT,0.6,0,6,0.0
study_upgrade_k,DQT,0.6,0,7,0.0
study_upgrade_k,DQT,0.6,0,8,0.0
study_upgrade_k,DQT,0.6,0,9,0.0
study_upgrade_k,DQT,0.6,0,10,0.0
study_upgrade_k,DQT,0.6,0,11,0.0
study_upgrade_k,DQT,0.6,0,12,0.0
study_upgrade_k,DQT,0.6,0,13,0.0
study_upgrade_k,DQT,0.6,0,14,0.0
study_upgrade_k,DQT,0.6,0,15,0.0
study_upgrade_k,DQT,0.6,0,16,0.0
study_upgrade_k,DQT,0.6,0,17,0.0
study_upgrade_k,DQT,0.6,0,18,0.0
study_upgrade_k,DQT,0.6,0,19,0.0
study_upgrade_k,DQT,0.6,0,20,0.0
study_upgrade_k,DQT,0.6,0,21,0.0
study_upgrade_k,DQT,0.6,0,22,0.0
study_upgrade_k,DQT,0.6,0,23,0.0
study_upgrade_k,DQT,0.6,0,24,0.0
study_upgrade_k,DQT,0.6,0,25,0.0
study_upgrade_k,DQT,0.6,0,26,0.0
study_upgrade_k,DQT,0.6,0,27,0.0
study_upgrade_k,DQT,0.6,0,28,0.0
study_upgrade_k,DQT,0.6,0,29,0.0
study_upgrade_k,DQT,0.6,1,0,0.0
study_upgrade_k,DQT,0.6,1,1,0.0
study_upgrade_k,DQT,0.6,1,2,0.0
study_upgrade_k,DQT,0.6,1,3,0.0
study_upgrade_k,DQT,0.6,1,4,0.0
study_upgrade_k,DQT,0.6,1,5,0.0
study_upgrade_k,DQT,0.6,1,6,0.0
study_upgrade_k,DQT,0.6,1,7,0.0
study_upgrade_k,DQT,0.6,1,8,0.0
study_upgrade_k,DQT,0.6,1,9,0.0
study_upgrade_k,DQT,0.6,1,10,0.0
study_upgrade_k,DQT,0.6,1,11,0.0
study_upgrade_k,DQT,0.6,1,12,0.0
study_upgrade_k,DQT,0.6,1,13,0.0
study_upgrade_k,DQT,0.6,1,14,0.0
study_upgrade_k,DQT,0.6,1,15,0.0
study_upgrade_k,DQT,0.6,1,16,0.0
study_upgrade_k,DQT,0.6,1,17,0.0
study_upgrade_k,DQT,0.6,1,18,0.0
study_upgrade_k,DQT,0.6,1,19,0.0
study_upgrade_k,DQT,0.6,1,20,0.0
study_upgrade_k,DQT,0.6,1,21,0.0
study_upgrade_k,DQT,0.6,1,22,0.0
study_upgrade_k,DQT,0.6,1,23,0.0
study_upgrade_k,DQT,0.6,1,24,0.0
study_upgrade_k,DQT,0.6,1,25,0.0
study_upgrade_k,DQT,0.6,1,26,0.0
study_upgrade_k,DQT,0.6,1,27,0.0
study_upgrade_k,DQT,0.6,1,28,0.0
study_upgrade_k,DQT,0.6,1,29,0.0
study_upgrade_k,DQT,0.6,2,0,0.0
study_upgrade_k,DQT,0.6,2,1,0.0
study_upgrade_k,DQT,0.6,2,2,0.0
study_upgrade_k,DQT,0.6,2,3,0.0
study_upgrade_k,DQT,0.6,2,4,0.0
study_upgrade_k,DQT,0.6,2,5,0.0
study_upgrade_k,DQT,0.6,2,6,0.0
study_upgrade_k,DQT,0.6,2,7,0.0
study_upgrade_k,DQT,0.6,2,8,0.0
study_upgrade_k,DQT,0.6,2,9,0.0
study_upgrade_k,DQT,0.6,2,10,0.0
study_upgrade_k,DQT,0.6,2,11,0.0
study_upgrade_k,DQT,0.6,2,12,0.0
study_upgrade_k,DQT,0.6,2,13,0.0
study_upgrade_k,DQT,0.6,2,14,0.0
study_upgrade_k,DQT,0.6,2,15,0.0
study_upgrade_k,DQT,0.6,2,16,0.0
study_upgrade_k,DQT,0.6,2,17,0.0
study_upgrade_k,DQT,0.6,2,18,0.0
study_upgrade_k,DQT,0.6,2,19,0.0
study_upgrade_k,DQT,0.6,2,20,0.0
study_upgrade_k,DQT,0.6,2,21,0.0
study_upgrade_k,DQT,0.6,2,22,0.0
study_upgrade_k,DQT,0.6,2,23,0.0
study_upgrade_k,DQT,0.6,2,24,0.0
study_upgrade_k,DQT,0.6,2,25,0.0
study_upgrade_k,DQT,0.6,2,26,0.0
study_upgrade_k,DQT,0.6,2,27,0.0
study_upgrade_k,DQT,0.6,2,28,0.0
study_upgrade_k,DQT,0.6,2,29,0.0
study_upgrade_k,DQT,0.6,4,0,0.0
study_upgrade_k,DQT,0.6,4,1,0.0
study_upgrade_k,DQT,0.6,4,2,0.0
study_upgrade_k,DQT,0.6,4,3,0.0
study_upgrade_k,DQT,0.6,4,4,0.0
study_upgrade_k,DQT,0.6,4,5,0.0
study_upgrade_k,DQT,0.6,4,6,0.0
study_upgrade_k,DQT,0.6,4,7,0.0
study_upgrade_k,DQT,0.6,4,8,0.0
study_upgrade_k,DQT,0.6,4,9,0.0
study_upgrade_k,DQT,0.6,4,10,0.0
study_upgrade_k,DQT,0.6,4,11,0.0
study_upgrade_k,DQT,0.6,4,12,0.0
study_upgrade_k,DQT,0.6,4,13,0.0
study_upgrade_k,DQT,0.6,4,14,0.0
study_upgrade_k,DQT,0.6,4,15,0.0
study_upgrade_k,DQT,0.6,4,16,0.0
study_upgrade_k,DQT,0.6,4,17,0.0
study_upgrade_k,DQT,0.6,4,18,0.0
study_upgrade_k,DQT,0.6,4,19,0.0
study_upgrade_k,DQT,0.6,4,20,0.0
study_upgrade_k,DQT,0.6,4,21,0.0
study_upgrade_k,DQT,0.6,4,22,0.0
study_upgrade_k,DQT,0.6,4,23,0.0
study_upgrade_k,DQT,0.6,4,24,0.0
study_upgrade_k,DQT,0.6,4,25,0.0
study_upgrade_k,DQT,0.6,4,26,0.0
study_upgrade_k,DQT,0.6,4,27,0.0
study_upgrade_k,DQT,0.6,4,28,0.0
study_upgrade_k,DQT,0.6,4,29,0.0
study_upgrade_k,DQT,0.6,8,0,0.0
study_upgrade_k,DQT,0.6,8,1,0.0
study_upgrade_k,DQT,0.6,8,2,0.0
study_upgrade_k,DQT,0.6,8,3,0.0
study_upgrade_k,DQT,0.6,8,4,0.0
study_upgrade_k,DQT,0.6,8,5,0.0
study_upgrade_k,DQT,0.6,8,6,0.0
study_upgrade_k,DQT,0.6,8,7,0.0
study_upgrade_k,DQT,0.6,8,8,0.0
study_upgrade_k,DQT,0.6,8,9,0.0
study_upgrade_k,DQT,0.6,8,10,0.0
study_upgrade_k,DQT,0.6,8,11,0.0
study_upgrade_k,DQT,0.6,8,12,0.0
study_upgrade_k,DQT,0.6,8,13,0.0
study_upgrade_k,DQT,0.6,8,14,0.0
study_upgrade_k,DQT,0.6,8,15,0.0
study_upgrade_k,DQT,0.6,8,16,0.0
study_upgrade_k,DQT,0.6,8,17,0.0
study_upgrade_k,DQT,0.6,8,18,0.0
study_upgrade_k,DQT,0.6,8,19,0.0
study_upgrade_k,DQT,0.6,8,20,0.0
study_upgrade_k,DQT,0.6,8,21,0.0
study_upgrade_k,DQT,0.6,8,22,0.0
study_upgrade_k,DQT,0.6,8,23,0.0
study_upgrade_k,DQT,0.6,8,24,0.0
study_upgrade_k,DQT,0.6,8,25,0.0
study_upgrade_k,DQT,0.6,8,26,0.0
study_upgrade_k,DQT,0.6,8,27,0.0
study_upgrade_k,DQT,0.6,8,28,0.0
study_upgrade_k,DQT,0.6,8,29,0.0
study_upgrade_k,DQT,0.8,0,0,0.0
study_upgrade_k,DQT,0.8,0,1,0.0
study_upgrade_k,DQT,0.8,0,2,0.0
study_upgrade_k,DQT,0.8,0,3,0.0
study_upgrade_k,DQT,0.8,0,4,0.0
study_upgrade_k,DQT,0.8,0,5,0.0
study_upgrade_k,DQT,0.8,0,6,0.0
study_upgrade_k,DQT,0.8,0,7,0.0
study_upgrade_k,DQT,0.8,0,8,0.0
study_upgrade_k,DQT,0.8,0,9,0.0
study_upgrade_k,DQT,0.8,0,10,0.0
study_upgrade_k,DQT,0.8,0,11,0.0
study_upgrade_k,DQT,0.8,0,12,0.0
study_upgrade_k,DQT,0.8,0,13,0.0
study_upgrade_k,DQT,0.8,0,14,0.0
study_upgrade_k,DQT,0.8,0,15,0.0
study_upgrade_k,DQT,0.8,0,16,0.0
study_upgrade_k,DQT,0.8,0,17,0.0
study_upgrade_k,DQT,0.8,0,18,0.0
study_upgrade_k,DQT,0.8,0,19,0.0
study_upgrade_k,DQT,0.8,0,20,0.0
study_upgrade_k,DQT,0.8,0,21,0.0
study_upgrade_k,DQT,0.8,0,22,0.0
study_upgrade_k,DQT,0.8,0,23,0.0
study_upgrade_k,DQT,0.8,0,24,0.0
study_upgrade_k,DQT,0.8,0,25,0.0
study_upgrade_k,DQT,0.8,0,26,0.0
study_upgrade_k,DQT,0.8,0,27,0.0
study_upgrade_k,DQT,0.8,0,28,0.0
study_upgrade_k,DQT,0.8,0,29,0.0
study_upgrade_k,DQT,0.8,1,0,0.0
study_upgrade_k,DQT,0.8,1,1,0.0
study_upgrade_k,DQT,0.8,1,2,0.0
study_upgrade_k,DQT,0.8,1,3,0.0
study_upgrade_k,DQT,0.8,1,4,0.0
study_upgrade_k,DQT,0.8,1,5,0.0
study_upgrade_k,DQT,0.8,1,6,0.0
study_upgrade_k,DQT,0.8,1,7,0.0
study_upgrade_k,DQT,0.8,1,8,0.0
study_upgrade_k,DQT,0.8,1,9,0.0
study_upgrade_k,DQT,0.8,1,10,0.0
study_upgrade_k,DQT,0.8,1,11,0.0
study_upgrade_k,DQT,0.8,1,12,0.0
study_upgrade_k,DQT,0.8,1,13,0.0
study_upgrade_k,DQT,0.8,1,14,0.0
study_upgrade_k,DQT,0.8,1,15,0.0
study_upgrade_k,DQT,0.8,1,16,0.0
study_upgrade_k,DQT,0.8,1,17,0.0
study_upgrade_k,DQT,0.8,1,18,0.0
study_upgrade_k,DQT,0.8,1,19,0.0
study_upgrade_k,DQT,0.8,1,20,0.0
study_upgrade_k,DQT,0.8,1,21,0.0
study_upgrade_k,DQT,0.8,1,22,0.0
study_upgrade_k,DQT,0.8,1,23,0.0
study_upgrade_k,DQT,0.8,1,24,0.0
study_upgrade_k,DQT,0.8,1,25,0.0
study_upgrade_k,DQT,0.8,1,26,0.0
study_upgrade_k,DQT,0.8,1,27,0.0
study_upgrade_k,DQT,0.8,1,28,0.0
study_upgrade_k,DQT,0.8,1,29,0.0
study_upgrade_k,DQT,0.8,2,0,0.0
study_upgrade_k,DQT,0.8,2,1,0.0
study_upgrade_k,DQT,0.8,2,2,0.0
study_upgrade_k,DQT,0.8,2,3,0.0
study_upgrade_k,DQT,0.8,2,4,0.0
study_upgrade_k,DQT,0.8,2,5,0.0
study_upgrade_k,DQT,0.8,2,6,0.0
study_upgrade_k,DQT,0.8,2,7,0.0
study_upgrade_k,DQT,0.8,2,8,0.0
study_upgrade_k,DQT,0.8,2,9,0.0
study_upgrade_k,DQT,0.8,2,10,0.0
study_upgrade_k,DQT,0.8,2,11,0.0
study_upgrade_k,DQT,0.8,2,12,0.0
study_upgrade_k,DQT,0.8,2,13,0.0
study_upgrade_k,DQT,0.8,2,14,0.0
study_upgrade_k,DQT,0.8,2,15,0.0
study_upgrade_k,DQT,0.8,2,16,0.0
study_upgrade_k,DQT,0.8,2,17,0.0
study_upgrade_k,DQT,0.8,2,18,0.0
study_upgrade_k,DQT,0.8,2,19,0.0
study_upgrade_k,DQT,0.8,2,20,0.0
study_upgrade_k,DQT,0.8,2,21,0.0
study_upgrade_k,DQT,0.8,2,22,0.0
study_upgrade_k,DQT,0.8,2,23,0.0
study_upgrade_k,DQT,0.8,2,24,0.0
study_upgrade_k,DQT,0.8,2,25,0.0
study_upgrade_k,DQT,0.8,2,26,0.0
study_upgrade_k,DQT,0.8,2,27,0.0
study_upgrade_k,DQT,0.8,2,28,0.0
study_upgrade_k,DQT,0.8,2,29,0.0
study_upgrade_k,DQT,0.8,4,0,0.0
study_upgrade_k,DQT,0.8,4,1,0.0
study_upgrade_k,DQT,0.8,4,2,0.0
study_upgrade_k,DQT,0.8,4,3,0.0
study_upgrade_k,DQT,0.8,4,4,0.0
study_upgrade_k,DQT,0.8,4,5,0.0
study_upgrade_k,DQT,0.8,4,6,0.0
study_upgrade_k,DQT,0.8,4,7,0.0
study_upgrade_k,DQT,0.8,4,8,0.0
study_upgrade_k,DQT,0.8,4,9,0.0
study_upgrade_k,DQT,0.8,4,10,0.0
study_upgrade_k,DQT,0.8,4,11,0.0
study_upgrade_k,DQT,0.8,4,12,0.0
study_upgrade_k,DQT,0.8,4,13,0.0
study_upgrade_k,DQT,0.8,4,14,0.0
study_upgrade_k,DQT,0.8,4,15,0.0
study_upgrade_k,DQT,0.8,4,16,0.0
study_upgrade_k,DQT,0.8,4,17,0.0
study_upgrade_k,DQT,0.8,4,18,0.0
study_upgrade_k,DQT,0.8,4,19,0.0
study_upgrade_k,DQT,0.8,4,20,0.0
study_upgrade_k,DQT,0.8,4,21,0.0
study_upgrade_k,DQT,0.8,4,22,0.0
study_upgrade_k,DQT,0.8,4,23,0.0
study_upgrade_k,DQT,0.8,4,24,0.0
study_upgrade_k,DQT,0.8,4,25,0.0
study_upgrade_k,DQT,0.8,4,26,0.0
study_upgrade_k,DQT,0.8,4,27,0.0
study_upgrade_k,DQT,0.8,4,28,0.0
study_upgrade_k,DQT,0.8,4,29,0.0
study_upgrade_k,DQT,0.8,8,0,0.0
study_upgrade_k,DQT,0.8,8,1,0.0
study_upgrade_k,DQT,0.8,8,2,0.0
study_upgrade_k,DQT,0.8,8,3,0.0
study_upgrade_k,DQT,0.8,8,4,0.0
study_upgrade_k,DQT,0.8,8,5,0.0
study_upgrade_k,DQT,0.8,8,6,0.0
study_upgrade_k,DQT,0.8,8,7,0.0
study_upgrade_k,DQT,0.8,8,8,0.0
study_upgrade_k,DQT,0.8,8,9,0.0
study_upgrade_k,DQT,0.8,8,10,0.0
study_upgrade_k,DQT,0.8,8,11,0.0
study_upgrade_k,DQT,0.8,8,12,0.0
study_upgrade_k,DQT,0.8,8,13,0.0
study_upgrade_k,DQT,0.8,8,14,0.0
study_upgrade_k,DQT,0.8,8,15,0.0
study_upgrade_k,DQT,0.8,8,16,0.0
study_upgrade_k,DQT,0.8,8,17,0.0
study_upgrade_k,DQT,0.8,8,18,0.0
study_upgrade_k,DQT,0.8,8,19,0.0
study_upgrade_k,DQT,0.8,8,20,0.0
study_upgrade_k,DQT,0.8,8,21,0.0
study_upgrade_k,DQT,0.8,8,22,0.0
study_upgrade_k,DQT,0.8,8,23,0.0
study_upgrade_k,DQT,0.8,8,24,0.0
study_upgrade_k,DQT,0.8,8,25,0.0
study_upgrade_k,DQT,0.8,8,26,0.0
study_upgrade_k,DQT,0.8,8,27,0.0
study_upgrade_k,DQT,0.8,8,28,0.0
study_upgrade_k,DQT,0.8,8,29,0.0
study_upgrade_k,DQT,0.9,0,0,0.0
study_upgrade_k,DQT,0.9,0,1,0.0
study_upgrade_k,DQT,0.9,0,2,0.0
study_upgrade_k,DQT,0.9,0,3,0.0
study_upgrade_k,DQT,0.9,0,4,0.0
study_upgrade_k,DQT,0.9,0,5,0.0
study_upgrade_k,DQT,0.9,0,6,0.0
study_upgrade_k,DQT,0.9,0,7,0.0
study_upgrade_k,DQT,0.9,0,8,0.0
study_upgrade_k,DQT,0.9,0,9,0.0
study_upgrade_k,DQT,0.9,0,10,0.0
study_upgrade_k,DQT,0.9,0,11,0.0
study_upgrade_k,DQT,0.9,0,12,0.0
study_upgrade_k,DQT,0.9,0,13,0.0
study_upgrade_k,DQT,0.9,0,14,0.0
study_upgrade_k,DQT,0.9,0,15,0.0
study_upgrade_k,DQT,0.9,0,16,0.0
study_upgrade_k,DQT,0.9,0,17,0.0
study_upgrade_k,DQT,0.9,0,18,0.0
study_upgrade_k,DQT,0.9,0,19,0.0
study_upgrade_k,DQT,0.9,0,20,0.0
study_upgrade_k,DQT,0.9,0,21,0.0
study_upgrade_k,DQT,0.9,0,22,0.0
study_upgrade_k,DQT,0.9,0,23,0.0
study_upgrade_k,DQT,0.9,0,24,0.0
study_upgrade_k,DQT,0.9,0,25,0.0
study_upgrade_k,DQT,0.9,0,26,0.0
study_upgrade_k,DQT,0.9,0,27,0.0
study_upgrade_k,DQT,0.9,0,28,0.0
study_upgrade_k,DQT,0.9,0,29,0.0
study_upgrade_k,DQT,0.9,1,0,0.0
study_upgrade_k,DQT,0.9,1,1,0.0
study_upgrade_k,DQT,0.9,1,2,0.0
study_upgrade_k,DQT,0.9,1,3,0.0
study_upgrade_k,DQT,0.9,1,4,0.0
study_upgrade_k,DQT,0.9,1,5,0.0
study_upgrade_k,DQT,0.9,1,6,0.0
study_upgrade_k,DQT,0.9,1,7,0.0
study_upgrade_k,DQT,0.9,1,8,0.0
study_upgrade_k,DQT,0.9,1,9,0.0
study_upgrade_k,DQT,0.9,1,10,0.0
study_upgrade_k,DQT,0.9,1,11,0.0
study_upgrade_k,DQT,0.9,1,12,0.0
study_upgrade_k,DQT,0.9,1,13,0.0
study_upgrade_k,DQT,0.9,1,14,0.0
study_upgrade_k,DQT,0.9,1,15,0.0
study_upgrade_k,DQT,0.9,1,16,0.0
study_upgrade_k,DQT,0.9,1,17,0.0
study_upgrade_k,DQT,0.9,1,18,0.0
study_upgrade_k,DQT,0.9,1,19,0.0
study_upgrade_k,DQT,0.9,1,20,0.0
study_upgrade_k,DQT,0.9,1,21,0.0
study_upgrade_k,DQT,0.9,1,22,0.0
study_upgrade_k,DQT,0.9,1,23,0.0
study_upgrade_k,DQT,0.9,1,24,0.0
study_upgrade_k,DQT,0.9,1,25,0.0
study_upgrade_k,DQT,0.9,1,26,0.0
study_upgrade_k,DQT,0.9,1,27,0.0
study_upgrade_k,DQT,0.9,1,28,0.0
study_upgrade_k,DQT,0.9,1,29,0.0
study_upgrade_k,DQT,0.9,2,0,0.0
study_upgrade_k,DQT,0.9,2,1,0.0
study_upgrade_k,DQT,0.9,2,2,0.0
study_upgrade_k,DQT,0.9,2,3,0.0
study_upgrade_k,DQT,0.9,2,4,0.0
study_upgrade_k,DQT,0.9,2,5,0.0
study_upgrade_k,DQT,0.9,2,6,0.0
study_upgrade_k,DQT,0.9,2,7,0.0
study_upgrade_k,DQT,0.9,2,8,0.0
study_upgrade_k,DQT,0.9,2,9,0.0
study_upgrade_k,DQT,0.9,2,10,0.0
study_upgrade_k,DQT,0.9,2,11,0.0
study_upgrade_k,DQT,0.9,2,12,0.0
study_upgrade_k,DQT,0.9,2,13,0.0
study_upgrade_k,DQT,0.9,2,14,0.0
study_upgrade_k,DQT,0.9,2,15,0.0
study_upgrade_k,DQT,0.9,2,16,0.0
study_upgrade_k,DQT,0.9,2,17,0.0
study_upgrade_k,DQT,0.9,2,18,0.0
study_upgrade_k,DQT,0.9,2,19,0.0
study_upgrade_k,DQT,0.9,2,20,0.0
study_upgrade_k,DQT,0.9,2,21,0.0
study_upgrade_k,DQT,0.9,2,22,0.0
study_upgrade_k,DQT,0.9,2,23,0.0
study_upgrade_k,DQT,0.9,2,24,0.0
study_upgrade_k,DQT,0.9,2,25,0.0
study_upgrade_k,DQT,0.9,2,26,0.0
study_upgrade_k,DQT,0.9,2,27,0.0
study_upgrade_k,DQT,0.9,2,28,0.0
study_upgrade_k,DQT,0.9,2,29,0.0
study_upgrade_k,DQT,0.9,4,0,0.0
study_upgrade_k,DQT,0.9,4,1,0.0
study_upgrade_k,DQT,0.9,4,2,0.0
study_upgrade_k,DQT,0.9,4,3,0.0
study_upgrade_k,DQT,0.9,4,4,0.0
study_upgrade_k,DQT,0.9,4,5,0.0
study_upgrade_k,DQT,0.9,4,6,0.0
study_upgrade_k,DQT,0.9,4,7,0.0
study_upgrade_k,DQT,0.9,4,8,0.0
study_upgrade_k,DQT,0.9,4,9,0.0
study_upgrade_k,DQT,0.9,4,10,0.0
study_upgrade_k,DQT,0.9,4,11,0.0
study_upgrade_k,DQT,0.9,4,12,0.0
study_upgrade_k,DQT,0.9,4,13,0.0
study_upgrade_k,DQT,0.9,4,14,0.0
study_upgrade_k,DQT,0.9,4,15,0.0
study_upgrade_k,DQT,0.9,4,16,0.0
study_upgrade_k,DQT,0.9,4,17,0.0
study_upgrade_k,DQT,0.9,4,18,0.0
study_upgrade_k,DQT,0.9,4,19,0.0
study_upgrade_k,DQT,0.9,4,20,0.0
study_upgrade_k,DQT,0.9,4,21,0.0
study_upgrade_k,DQT,0.9,4,22,0.0
study_upgrade_k,DQT,0.9,4,23,0.0
study_upgrade_k,DQT,0.9,4,24,0.0
study_upgrade_k,DQT,0.9,4,25,0.0
study_upgrade_k,DQT,0.9,4,26,0.0
study_upgrade_k,DQT,0.9,4,27,0.0
study_upgrade_k,DQT,0.9,4,28,0.0
study_upgrade_k,DQT,0.9,4,29,0.0
study_upgrade_k,DQT,0.9,8,0,0.0
study_upgrade_k,DQT,0.9,8,1,0.0
study_upgrade_k,DQT,0.9,8,2,0.0
study_upgrade_k,DQT,0.9,8,3,0.0
study_upgrade_k,DQT,0.9,8,4,0.0
study_upgrade_k,DQT,0.9,8,5,0.0
study_upgrade_k,DQT,0.9,8,6,0.0
study_upgrade_k,DQT,0.9,8,7,0.0
study_upgrade_k,DQT,0.9,8,8,0.0
study_upgrade_k,DQT,0.9,8,9,0.0
study_upgrade_k,DQT,0.9,8,10,0.0
study_upgrade_k,DQT,0.9,8,11,0.0
study_upgrade_k,DQT,0.9,8,12,0.0
study_upgrade_k,DQT,0.9,8,13,0.0
study_upgrade_k,DQT,0.9,8,14,0.0
study_upgrade_k,DQT,0.9,8,15,0.0
study_upgrade_k,DQT,0.9,8,16,0.0
study_upgrade_k,DQT,0.9,8,17,0.0
study_upgrade_k,DQT,0.9,8,18,0.0
study_upgrade_k,DQT,0.9,8,19,0.0
study_upgrade_k,DQT,0.9,8,20,0.0
study_upgrade_k,DQT,0.9,8,21,0.0
study_upgrade_k,DQT,0.9,8,22,0.0
study_upgrade_k,DQT,0.9,8,23,0.0
study_upgrade_k,DQT,0.9,8,24,0.0
study_upgrade_k,DQT,0.9,8,25,0.0
study_upgrade_k,DQT,0.9,8,26,0.0
study_upgrade_k,DQT,0.9,8,27,0.0
study_upgrade_k,DQT,0.9,8,28,0.0
study_upgrade_k,DQT,0.9,8,29,0.0
study_upgrade_k,EQT,0.6,0,0,0.0
study_upgrade_k,EQT,0.6,0,1,0.0
study_upgrade_k,EQT,0.6,0,2,0.0
study_upgrade_k,EQT,0.6,0,3,0.0
study_upgrade_k,EQT,0.6,0,4,0.0
study_upgrade_k,EQT,0.6,0,5,0.0
study_upgrade_k,EQT,0.6,0,6,0.0
study_upgrade_k,EQT,0.6,0,7,0.0
study_upgrade_k,EQT,0.6,0,8,0.0
study_upgrade_k,EQT,0.6,0,9,0.0
study_upgrade_k,EQT,0.6,0,10,0.0
study_upgrade_k,EQT,0.6,0,11,0.0
study_upgrade_k,EQT,0.6,0,12,0.0
study_upgrade_k,EQT,0.6,0,13,0.0
study_upgrade_k,EQT,0.6,0,14,0.0
study_upgrade_k,EQT,0.6,0,15,0.0
study_upgrade_k,EQT,0.6,0,16,0.0
study_upgrade_k,EQT,0.6,0,17,0.0
study_upgrade_k,EQT,0.6,0,18,0.0
study_upgrade_k,EQT,0.6,0,19,0.0
study_upgrade_k,EQT,0.6,0,20,0.0
study_upgrade_k,EQT,0.6,0,21,0.0
study_upgrade_k,EQT,0.6,0,22,0.0
study_upgrade_k,EQT,0.6,0,23,0.0
study_upgrade_k,EQT,0.6,0,24,0.0
study_upgrade_k,EQT,0.6,0,25,0.0
study_upgrade_k,EQT,0.6,0,26,0.0
study_upgrade_k,EQT,0.6,0,27,0.0
study_upgrade_k,EQT,0.6,0,28,0.0
study_upgrade_k,EQT,0.6,0,29,0.0
study_upgrade_k,EQT,0.6,1,0,0.0
study_upgrade_k,EQT,0.6,1,1,0.0
study_upgrade_k,EQT,0.6,1,2,0.0
study_upgrade_k,EQT,0.6,1,3,0.0
study_upgrade_k,EQT,0.6,1,4,0.0
study_upgrade_k,EQT,0.6,1,5,0.0
study_upgrade_k,EQT,0.6,1,6,0.0
study_upgrade_k,EQT,0.6,1,7,0.0
study_upgrade_k,EQT,0.6,1,8,0.0
study_upgrade_k,EQT,0.6,1,9,0.0
study_upgrade_k,EQT,0.6,1,10,0.0
study_upgrade_k,EQT,0.6,1,11,0.0
study_upgrade_k,EQT,0.6,1,12,0.0
study_upgrade_k,EQT,0.6,1,13,0.0
study_upgrade_k,EQT,0.6,1,14,0.0
study_upgrade_k,EQT,0.6,1,15,0.0
study_upgrade_k,EQT,0.6,1,16,0.0
study_upgrade_k,EQT,0.6,1,17,0.0
study_upgrade_k,EQT,0.6,1,18,0.0
study_upgrade_k,EQT,0.6,1,19,0.0
study_upgrade_k,EQT,0.6,1,20,0.0
study_upgrade_k,EQT,0.6,1,21,0.0
study_upgrade_k,EQT,0.6,1,22,0.0
study_upgrade_k,EQT,0.6,1,23,0.0
study_upgrade_k,EQT,0.6,1,24,0.0
study_upgrade_k,EQT,0.6,1,25,0.0
study_upgrade_k,EQT,0.6,1,26,0.0
study_upgrade_k,EQT,0.6,1,27,0.0
study_upgrade_k,EQT,0.6,1,28,0.0
study_upgrade_k,EQT,0.6,1,29,0.0
study_upgrade_k,EQT,0.6,2,0,0.0
study_upgrade_k,EQT,0.6,2,1,0.0
study_upgrade_k,EQT,0.6,2,2,0.0
study_upgrade_k,EQT,0.6,2,3,0.0
study_upgrade_k,EQT,0.6,2,4,0.0
study_upgrade_k,EQT,0.6,2,5,0.0
study_upgrade_k,EQT,0.6,2,6,0.0
study_upgrade_k,EQT,0.6,2,7,0.0
study_upgrade_k,EQT,0.6,2,8,0.0
study_upgrade_k,EQT,0.6,2,9,0.0
study_upgrade_k,EQT,0.6,2,10,0.0
study_upgrade_k,EQT,0.6,2,11,0.0
study_upgrade_k,EQT,0.6,2,12,0.0
study_upgrade_k,EQT,0.6,2,13,0.0
study_upgrade_k,EQT,0.6,2,14,0.0
study_upgrade_k,EQT,0.6,2,15,0.0
study_upgrade_k,EQT,0.6,2,16,0.0
study_upgrade_k,EQT,0.6,2,17,0.0
study_upgrade_k,EQT,0.6,2,18,0.0
study_upgrade_k,EQT,0.6,2,19,0.0
study_upgrade_k,EQT,0.6,2,20,0.0
study_upgrade_k,EQT,0.6,2,21,0.0
study_upgrade_k,EQT,0.6,2,22,0.0
study_upgrade_k,EQT,0.6,2,23,0.0
study_upgrade_k,EQT,0.6,2,24,0.0
study_upgrade_k,EQT,0.6,2,25,0.0
study_upgrade_k,EQT,0.6,2,26,0.0
study_upgrade_k,EQT,0.6,2,27,0.0
study_upgrade_k,EQT,0.6,2,28,0.0
study_upgrade_k,EQT,0.6,2,29,0.0
study_upgrade_k,EQT,0.6,4,0,0.0
study_upgrade_k,EQT,0.6,4,1,0.0
study_upgrade_k,EQT,0.6,4,2,0.0
study_upgrade_k,EQT,0.6,4,3,0.0
study_upgrade_k,EQT,0.6,4,4,0.0
study_upgrade_k,EQT,0.6,4,5,0.0
study_upgrade_k,EQT,0.6,4,6,0.0
study_upgrade_k,EQT,0.6,4,7,0.0
study_upgrade_k,EQT,0.6,4,8,0.0
study_upgrade_k,EQT,0.6,4,9,0.0
study_upgrade_k,EQT,0.6,4,10,0.0
study_upgrade_k,EQT,0.6,4,11,0.0
study_upgrade_k,EQT,0.6,4,12,0.0
study_upgrade_k,EQT,0.6,4,13,0.0
study_upgrade_k,EQT,0.6,4,14,0.0
study_upgrade_k,EQT,0.6,4,15,0.0
study_upgrade_k,EQT,0.6,4,16,0.0
study_upgrade_k,EQT,0.6,4,17,0.0
study_upgrade_k,EQT,0.6,4,18,0.0
study_upgrade_k,EQT,0.6,4,19,0.0
study_upgrade_k,EQT,0.6,4,20,0.0
study_upgrade_k,EQT,0.6,4,21,0.0
study_upgrade_k,EQT,0.6,4,22,0.0
study_upgrade_k,EQT,0.6,4,23,0.0
study_upgrade_k,EQT,0.6,4,24,0.0
study_upgrade_k,EQT,0.6,4,25,0.0
study_upgrade_k,EQT,0.6,4,26,0.0
study_upgrade_k,EQT,0.6,4,27,0.0
study_upgrade_k,EQT,0.6,4,28,0.0
study_upgrade_k,EQT,0.6,4,29,0.0
study_upgrade_k,EQT,0.6,8,0,0.0
study_upgrade_k,EQT,0.6,8,1,0.0
study_upgrade_k,EQT,0.6,8,2,0.0
study_upgrade_k,EQT,0.6,8,3,0.0
study_upgrade_k,EQT,0.6,8,4,0.0
study_upgrade_k,EQT,0.6,8,5,0.0
study_upgrade_k,EQT,0.6,8,6,0.0
study_upgrade_k,EQT,0.6,8,7,0.0
study_upgrade_k,EQT,0.6,8,8,0.0
study_upgrade_k,EQT,0.6,8,9,0.0
study_upgrade_k,EQT,0.6,8,10,0.0
study_upgrade_k,EQT,0.6,8,11,0.0
study_upgrade_k,EQT,0.6,8,12,0.0
study_upgrade_k,EQT,0.6,8,13,0.0
study_upgrade_k,EQT,0.6,8,14,0.0
study_upgrade_k,EQT,0.6,8,15,0.0
study_upgrade_k,EQT,0.6,8,16,0.0
study_upgrade_k,EQT,0.6,8,17,0.0
study_upgrade_k,EQT,0.6,8,18,0.0
study_upgrade_k,EQT,0.6,8,19,0.0
study_upgrade_k,EQT,0.6,8,20,0.0
study_upgrade_k,EQT,0.6,8,21,0.0
study_upgrade_k,EQT,0.6,8,22,0.0
study_upgrade_k,EQT,0.6,8,23,0.0
study_upgrade_k,EQT,0.6,8,24,0.0
study_upgrade_k,EQT,0.6,8,25,0.0
study_upgrade_k,EQT,0.6,8,26,0.0
study_upgrade_k,EQT,0.6,8,27,0.0
study_upgrade_k,EQT,0.6,8,28,0.0
study_upgrade_k,EQT,0.6,8,29,0.0
study_upgrade_k,EQT,0.8,0,0,0.0
study_upgrade_k,EQT,0.8,0,1,0.0
study_upgrade_k,EQT,0.8,0,2,0.0
study_upgrade_k,EQT,0.8,0,3,0.0
study_upgrade_k,EQT,0.8,0,4,0.0
study_upgrade_k,EQT,0.8,0,5,0.0
study_upgrade_k,EQT,0.8,0,6,0.0
study_upgrade_k,EQT,0.8,0,7,0.0
study_upgrade_k,EQT,0.8,0,8,0.0
study_upgrade_k,EQT,0.8,0,9,0.0
study_upgrade_k,EQT,0.8,0,10,0.0
study_upgrade_k,EQT,0.8,0,11,0.0
study_upgrade_k,EQT,0.8,0,12,0.0
study_upgrade_k,EQT,0.8,0,13,0.0
study_upgrade_k,EQT,0.8,0,14,0.0
study_upgrade_k,EQT,0.8,0,15,0.0
study_upgrade_k,EQT,0.8,0,16,0.0
study_upgrade_k,EQT,0.8,0,17,0.0
study_upgrade_k,EQT,0.8,0,18,0.0
study_upgrade_k,EQT,0.8,0,19,0.0
study_upgrade_k,EQT,0.8,0,20,0.0
study_upgrade_k,EQT,0.8,0,21,0.0
study_upgrade_k,EQT,0.8,0,22,0.0
study_upgrade_k,EQT,0.8,0,23,0.0
study_upgrade_k,EQT,0.8,0,24,0.0
study_upgrade_k,EQT,0.8,0,25,0.0
study_upgrade_k,EQT,0.8,0,26,0.0
study_upgrade_k,EQT,0.8,0,27,0.0
study_upgrade_k,EQT,0.8,0,28,0.0
study_upgrade_k,EQT,0.8,0,29,0.0
study_upgrade_k,EQT,0.8,1,0,0.0
study_upgrade_k,EQT,0.8,1,1,0.0
study_upgrade_k,EQT,0.8,1,2,0.0
study_upgrade_k,EQT,0.8,1,3,0.0
study_upgrade_k,EQT,0.8,1,4,0.0
study_upgrade_k,EQT,0.8,1,5,0.0
study_upgrade_k,EQT,0.8,1,6,0.0
study_upgrade_k,EQT,0.8,1,7,0.0
study_upgrade_k,EQT,0.8,1,8,0.0
study_upgrade_k,EQT,0.8,1,9,0.0
study_upgrade_k,EQT,0.8,1,10,0.0
study_upgrade_k,EQT,0.8,1,11,0.0
study_upgrade_k,EQT,0.8,1,12,0.0
study_upgrade_k,EQT,0.8,1,13,0.0
study_upgrade_k,EQT,0.8,1,14,0.0
study_upgrade_k,EQT,0.8,1,15,0.0
study_upgrade_k,EQT,0.8,1,16,0.0
study_upgrade_k,EQT,0.8,1,17,0.0
study_upgrade_k,EQT,0.8,1,18,0.0
study_upgrade_k,EQT,0.8,1,19,0.0
study_upgrade_k,EQT,0.8,1,20,0.0
study_upgrade_k,EQT,0.8,1,21,0.0
study_upgrade_k,EQT,0.8,1,22,0.0
study_upgrade_k,EQT,0.8,1,23,0.0
study_upgrade_k,EQT,0.8,1,24,0.0
study_upgrade_k,EQT,0.8,1,25,0.0
study_upgrade_k,EQT,0.8,1,26,0.0
study_upgrade_k,EQT,0.8,1,27,0.0
study_upgrade_k,EQT,0.8,1,28,0.0
study_upgrade_k,EQT,0.8,1,29,0.0
study_upgrade_k,EQT,0.8,2,0,0.0
study_upgrade_k,EQT,0.8,2,1,0.0
study_upgrade_k,EQT,0.8,2,2,0.0
study_upgrade_k,EQT,0.8,2,3,0.0
study_upgrade_k,EQT,0.8,2,4,0.0
study_upgrade_k,EQT,0.8,2,5,0.0
study_upgrade_k,EQT,0.8,2,6,0.0
study_upgrade_k,EQT,0.8,2,7,0.0
study_upgrade_k,EQT,0.8,2,8,0.0
study_upgrade_k,EQT,0.8,2,9,0.0
study_upgrade_k,EQT,0.8,2,10,0.0
study_upgrade_k,EQT,0.8,2,11,0.0
study_upgrade_k,EQT,0.8,2,12,0.0
study_upgrade_k,EQT,0.8,2,13,0.0
study_upgrade_k,EQT,0.8,2,14,0.0
study_upgrade_k,EQT,0.8,2,15,0.0
study_upgrade_k,EQT,0.8,2,16,0.0
study_upgrade_k,EQT,0.8,2,17,0.0
study_upgrade_k,EQT,0.8,2,18,0.0
study_upgrade_k,EQT,0.8,2,19,0.0
study_upgrade_k,EQT,0.8,2,20,0.0
study_upgrade_k,EQT,0.8,2,21,0.0
study_upgrade_k,EQT,0.8,2,22,0.0
study_upgrade_k,EQT,0.8,2,23,0.0
study_upgrade_k,EQT,0.8,2,24,0.0
study_upgrade_k,EQT,0.8,2,25,0.0
study_upgrade_k,EQT,0.8,2,26,0.0
study_upgrade_k,EQT,0.8,2,27,0.0
study_upgrade_k,EQT,0.8,2,28,0.0
study_upgrade_k,EQT,0.8,2,29,0.0
study_upgrade_k,EQT,0.8,4,0,0.0
study_upgrade_k,EQT,0.8,4,1,0.0
study_upgrade_k,EQT,0.8,4,2,0.0
study_upgrade_k,EQT,0.8,4,3,0.0
study_upgrade_k,EQT,0.8,4,4,0.0
study_upgrade_k,EQT,0.8,4,5,0.0
study_upgrade_k,EQT,0.8,4,6,0.0
study_upgrade_k,EQT,0.8,4,7,0.0
study_upgrade_k,EQT,0.8,4,8,0.0
study_upgrade_k,EQT,0.8,4,10,0.0
study_upgrade_k,EQT,0.8,4,11,0.0
study_upgrade_k,EQT,0.8,4,12,0.0
study_upgrade_k,EQT,0.8,4,13,0.0
study_upgrade_k,EQT,0.8,4,14,0.0
study_upgrade_k,EQT,0.8,4,15,0.0
study_upgrade_k,EQT,0.8,4,16,0.0
study_upgrade_k,EQT,0.8,4,17,0.0
study_upgrade_k,EQT,0.8,4,18,0.0
study_upgrade_k,EQT,0.8,4,19,0.0
study_upgrade_k,EQT,0.8,4,20,0.0
study_upgrade_k,EQT,0.8,4,21,0.0
study_upgrade_k,EQT,0.8,4,22,0.0
study_upgrade_k,EQT,0.8,4,23,0.0
study_upgrade_k,EQT,0.8,4,24,0.0
study_upgrade_k,EQT,0.8,4,25,0.0
study_upgrade_k,EQT,0.8,4,26,0.0
study_upgrade_k,EQT,0.8,4,27,0.0
study_upgrade_k,EQT,0.8,4,28,0.0
study_upgrade_k,EQT,0.8,4,29,0.0
study_upgrade_k,EQT,0.9,0,0,0.0
study_upgrade_k,EQT,0.9,0,1,0.0
study_upgrade_k,EQT,0.9,0,2,0.0
study_upgrade_k,EQT,0.9,0,3,0.0
study_upgrade_k,EQT,0.9,0,4,0.0
study_upgrade_k,EQT,0.9,0,5,0.0
study_upgrade_k,EQT,0.9,0,6,0.0
study_upgrade_k,EQT,0.9,0,7,0.0
study_upgrade_k,EQT,0.9,0,8,0.0
study_upgrade_k,EQT,0.9,0,9,0.0
study_upgrade_k,EQT,0.9,0,10,0.0
study_upgrade_k,EQT,0.9,0,11,0.0
study_upgrade_k,EQT,0.9,0,12,0.0
study_upgrade_k,EQT,0.9,0,13,0.0
study_upgrade_k,EQT,0.9,0,14,0.0
study_upgrade_k,EQT,0.9,0,15,0.0
study_upgrade_k,EQT,0.9,0,16,0.0
study_upgrade_k,EQT,0.9,0,17,0.0
study_upgrade_k,EQT,0.9,0,18,0.0
study_upgrade_k,EQT,0.9,0,19,0.0
study_upgrade_k,EQT,0.9,0,20,0.0
study_upgrade_k,EQT,0.9,0,21,0.0
study_upgrade_k,EQT,0.9,0,22,0.0
study_upgrade_k,EQT,0.9,0,23,0.0
study_upgrade_k,EQT,0.9,0,24,0.0
study_upgrade_k,EQT,0.9,0,25,0.0
study_upgrade_k,EQT,0.9,0,26,0.0
study_upgrade_k,EQT,0.9,0,27,0.0
study_upgrade_k,EQT,0.9,0,28,0.0
study_upgrade_k,EQT,0.9,0,29,0.0
study_upgrade_k,EQT_UPGRADE,0.6,1,0,0.0
study_upgrade_k,EQT_UPGRADE,0.6,1,1,0.0
study_upgrade_k,EQT_UPGRADE,0.6,1,2,0.0
study_upgrade_k,EQT_UPGRADE,0.6,1,3,0.0
study_upgrade_k,EQT_UPGRADE,0.6,1,4,0.0
study_upgrade_k,EQT_UPGRADE,0.6,1,5,0.0
study_upgrade_k,EQT_UPGRADE,0.6,1,6,0.0
study_upgrade_k,EQT_UPGRADE,0.6,1,7,0.0
study_upgrade_k,EQT_UPGRADE,0.6,1,8,0.0
study_upgrade_k,EQT_UPGRADE,0.6,1,9,0.0
study_upgrade_k,EQT_UPGRADE,0.6,1,10,0.0
study_upgrade_k,EQT_UPGRADE,0.6,1,11,0.0
study_upgrade_k,EQT_UPGRADE,0.6,1,12,0.0
study_upgrade_k,EQT_UPGRADE,0.6,1,13,0.0
study_upgrade_k,EQT_UPGRADE,0.6,1,14,0.0
study_upgrade_k,EQT_UPGRADE,0.6,1,15,0.0
study_upgrade_k,EQT_UPGRADE,0.6,1,16,0.0
study_upgrade_k,EQT_UPGRADE,0.6,1,17,0.0
study_upgrade_k,EQT_UPGRADE,0.6,1,18,0.0
study_upgrade_k,EQT_UPGRADE,0.6,1,19,0.0
study_upgrade_k,EQT_UPGRADE,0.6,1,20,0.0
study_upgrade_k,EQT_UPGRADE,0.6,1,21,0.0
study_upgrade_k,EQT_UPGRADE,0.6,1,22,0.0
study_upgrade_k,EQT_UPGRADE,0.6,1,23,0.0
study_upgrade_k,EQT_UPGRADE,0.6,1,24,0.0
study_upgrade_k,EQT_UPGRADE,0.6,1,25,0.0
study_upgrade_k,EQT_UPGRADE,0.6,1,26,0.0
study_upgrade_k,EQT_UPGRADE,0.6,1,27,0.0
study_upgrade_k,EQT_UPGRADE,0.6,1,28,0.0
study_upgrade_k,EQT_UPGRADE,0.6,1,29,0.0
study_upgrade_k,EQT_UPGRADE,0.6,2,0,0.0
study_upgrade_k,EQT_UPGRADE,0.6,2,1,0.0
study_upgrade_k,EQT_UPGRADE,0.6,2,2,0.0
study_upgrade_k,EQT_UPGRADE,0.6,2,3,0.0
study_upgrade_k,EQT_UPGRADE,0.6,2,4,0.0
study_upgrade_k,EQT_UPGRADE,0.6,2,5,0.0
study_upgrade_k,EQT_UPGRADE,0.6,2,6,0.0
study_upgrade_k,EQT_UPGRADE,0.6,2,7,0.0
study_upgrade_k,EQT_UPGRADE,0.6,2,8,0.0
study_upgrade_k,EQT_UPGRADE,0.6,2,9,0.0
study_upgrade_k,EQT_UPGRADE,0.6,2,10,0.0
study_upgrade_k,EQT_UPGRADE,0.6,2,11,0.0
study_upgrade_k,EQT_UPGRADE,0.6,2,12,0.0
study_upgrade_k,EQT_UPGRADE,0.6,2,13,0.0
study_upgrade_k,EQT_UPGRADE,0.6,2,14,0.0
study_upgrade_k,EQT_UPGRADE,0.6,2,15,0.0
study_upgrade_k,EQT_UPGRADE,0.6,2,16,0.0
study_upgrade_k,EQT_UPGRADE,0.6,2,17,0.0
study_upgrade_k,EQT_UPGRADE,0.6,2,18,0.0
study_upgrade_k,EQT_UPGRADE,0.6,2,19,0.0
study_upgrade_k,EQT_UPGRADE,0.6,2,20,0.0
study_upgrade_k,EQT_UPGRADE,0.6,2,21,0.0
study_upgrade_k,EQT_UPGRADE,0.6,2,22,0.0
study_upgrade_k,EQT_UPGRADE,0.6,2,23,0.0
study_upgrade_k,EQT_UPGRADE,0.6,2,24,0.0
study_upgrade_k,EQT_UPGRADE,0.6,2,25,0.0
study_upgrade_k,EQT_UPGRADE,0.6,2,26,0.0
study_upgrade_k,EQT_UPGRADE,0.6,2,27,0.0
study_upgrade_k,EQT_UPGRADE,0.6,2,28,0.0
study_upgrade_k,EQT_UPGRADE,0.6,2,29,0.0
study_upgrade_k,EQT_UPGRADE,0.6,4,0,0.0
study_upgrade_k,EQT_UPGRADE,0.6,4,1,0.0
study_upgrade_k,EQT_UPGRADE,0.6,4,2,0.0
study_upgrade_k,EQT_UPGRADE,0.6,4,3,0.0
study_upgrade_k,EQT_UPGRADE,0.6,4,4,0.0
study_upgrade_k,EQT_UPGRADE,0.6,4,5,0.0
study_upgrade_k,EQT_UPGRADE,0.6,4,6,0.0
study_upgrade_k,EQT_UPGRADE,0.6,4,7,0.0
study_upgrade_k,EQT_UPGRADE,0.6,4,8,0.0
study_upgrade_k,EQT_UPGRADE,0.6,4,9,0.0
study_upgrade_k,EQT_UPGRADE,0.6,4,10,0.0
study_upgrade_k,EQT_UPGRADE,0.6,4,11,0.0
study_upgrade_k,EQT_UPGRADE,0.6,4,12,0.0
study_upgrade_k,EQT_UPGRADE,0.6,4,13,0.0
study_upgrade_k,EQT_UPGRADE,0.6,4,14,0.0
study_upgrade_k,EQT_UPGRADE,0.6,4,15,0.0
study_upgrade_k,EQT_UPGRADE,0.6,4,16,0.0
study_upgrade_k,EQT_UPGRADE,0.6,4,17,0.0
study_upgrade_k,EQT_UPGRADE,0.6,4,18,0.0
study_upgrade_k,EQT_UPGRADE,0.6,4,19,0.0
study_upgrade_k,EQT_UPGRADE,0.6,4,20,0.0
study_upgrade_k,EQT_UPGRADE,0.6,4,21,0.0
study_upgrade_k,EQT_UPGRADE,0.6,4,22,0.0
study_upgrade_k,EQT_UPGRADE,0.6,4,23,0.0
study_upgrade_k,EQT_UPGRADE,0.6,4,24,0.0
study_upgrade_k,EQT_UPGRADE,0.6,4,25,0.0
study_upgrade_k,EQT_UPGRADE,0.6,4,26,0.0
study_upgrade_k,EQT_UPGRADE,0.6,4,27,0.0
study_upgrade_k,EQT_UPGRADE,0.6,4,28,0.0
study_upgrade_k,EQT_UPGRADE,0.6,4,29,0.0
study_upgrade_k,EQT_UPGRADE,0.6,8,0,0.0
study_upgrade_k,EQT_UPGRADE,0.6,8,1,0.0
study_upgrade_k,EQT_UPGRADE,0.6,8,2,0.0
study_upgrade_k,EQT_UPGRADE,0.6,8,3,0.0
study_upgrade_k,EQT_UPGRADE,0.6,8,4,0.0
study_upgrade_k,EQT_UPGRADE,0.6,8,5,0.0
study_upgrade_k,EQT_UPGRADE,0.6,8,6,0.0
study_upgrade_k,EQT_UPGRADE,0.6,8,7,0.0
study_upgrade_k,EQT_UPGRADE,0.6,8,8,0.0
study_upgrade_k,EQT_UPGRADE,0.6,8,9,0.0
study_upgrade_k,EQT_UPGRADE,0.6,8,10,0.0
study_upgrade_k,EQT_UPGRADE,0.6,8,11,0.0
study_upgrade_k,EQT_UPGRADE,0.6,8,12,0.0
study_upgrade_k,EQT_UPGRADE,0.6,8,13,0.0
study_upgrade_k,EQT_UPGRADE,0.6,8,14,0.0
study_upgrade_k,EQT_UPGRADE,0.6,8,15,0.0
study_upgrade_k,EQT_UPGRADE,0.6,8,16,0.0
study_upgrade_k,EQT_UPGRADE,0.6,8,17,0.0
study_upgrade_k,EQT_UPGRADE,0.6,8,18,0.0
study_upgrade_k,EQT_UPGRADE,0.6,8,19,0.0
study_upgrade_k,EQT_UPGRADE,0.6,8,20,0.0
study_upgrade_k,EQT_UPGRADE,0.6,8,21,0.0
study_upgrade_k,EQT_UPGRADE,0.6,8,22,0.0
study_upgrade_k,EQT_UPGRADE,0.6,8,23,0.0
study_upgrade_k,EQT_UPGRADE,0.6,8,24,0.0
study_upgrade_k,EQT_UPGRADE,0.6,8,25,0.0
study_upgrade_k,EQT_UPGRADE,0.6,8,26,0.0
study_upgrade_k,EQT_UPGRADE,0.6,8,27,0.0
study_upgrade_k,EQT_UPGRADE,0.6,8,28,0.0
study_upgrade_k,EQT_UPGRADE,0.6,8,29,0.0
study_upgrade_k,EQT_UPGRADE,0.8,1,0,0.0
study_upgrade_k,EQT_UPGRADE,0.8,1,1,0.0
study_upgrade_k,EQT_UPGRADE,0.8,1,2,0.0
study_upgrade_k,EQT_UPGRADE,0.8,1,3,0.0
study_upgrade_k,EQT_UPGRADE,0.8,1,4,0.0
study_upgrade_k,EQT_UPGRADE,0.8,1,5,0.0
study_upgrade_k,EQT_UPGRADE,0.8,1,6,0.0
study_upgrade_k,EQT_UPGRADE,0.8,1,7,0.0
study_upgrade_k,EQT_UPGRADE,0.8,1,8,0.0
study_upgrade_k,EQT_UPGRADE,0.8,1,9,0.0
study_upgrade_k,EQT_UPGRADE,0.8,1,10,0.0
study_upgrade_k,EQT_UPGRADE,0.8,1,11,0.0
study_upgrade_k,EQT_UPGRADE,0.8,1,12,0.0
study_upgrade_k,EQT_UPGRADE,0.8,1,13,0.0
study_upgrade_k,EQT_UPGRADE,0.8,1,14,0.0
study_upgrade_k,EQT_UPGRADE,0.8,1,15,0.0
study_upgrade_k,EQT_UPGRADE,0.8,1,16,0.0
study_upgrade_k,EQT_UPGRADE,0.8,1,17,0.0
study_upgrade_k,EQT_UPGRADE,0.8,1,18,0.0
study_upgrade_k,EQT_UPGRADE,0.8,1,19,0.0
study_upgrade_k,EQT_UPGRADE,0.8,1,20,0.0
study_upgrade_k,EQT_UPGRADE,0.8,1,21,0.0
study_upgrade_k,EQT_UPGRADE,0.8,1,22,0.0
study_upgrade_k,EQT_UPGRADE,0.8,1,23,0.0
study_upgrade_k,EQT_UPGRADE,0.8,1,24,0.0
study_upgrade_k,EQT_UPGRADE,0.8,1,25,0.0
study_upgrade_k,EQT_UPGRADE,0.8,1,26,0.0
study_upgrade_k,EQT_UPGRADE,0.8,1,27,0.0
study_upgrade_k,EQT_UPGRADE,0.8,1,28,0.0
study_upgrade_k,EQT_UPGRADE,0.8,1,29,0.0
study_upgrade_k,EQT_UPGRADE,0.8,2,0,0.0
study_upgrade_k,EQT_UPGRADE,0.8,2,1,0.0
study_upgrade_k,EQT_UPGRADE,0.8,2,2,0.0
study_upgrade_k,EQT_UPGRADE,0.8,2,3,0.0
study_upgrade_k,EQT_UPGRADE,0.8,2,4,0.0
study_upgrade_k,EQT_UPGRADE,0.8,2,5,0.0
study_upgrade_k,EQT_UPGRADE,0.8,2,6,0.0
study_upgrade_k,EQT_UPGRADE,0.8,2,7,0.0
study_upgrade_k,EQT_UPGRADE,0.8,2,8,0.0
study_upgrade_k,EQT_UPGRADE,0.8,2,9,0.0
study_upgrade_k,EQT_UPGRADE,0.8,2,10,0.0
study_upgrade_k,EQT_UPGRADE,0.8,2,11,0.0
study_upgrade_k,EQT_UPGRADE,0.8,2,12,0.0
study_upgrade_k,EQT_UPGRADE,0.8,2,13,0.0
study_upgrade_k,EQT_UPGRADE,0.8,2,14,0.0
study_upgrade_k,EQT_UPGRADE,0.8,2,15,0.0
study_upgrade_k,EQT_UPGRADE,0.8,2,16,0.0
study_upgrade_k,EQT_UPGRADE,0.8,2,17,0.0
study_upgrade_k,EQT_UPGRADE,0.8,2,18,0.0
study_upgrade_k,EQT_UPGRADE,0.8,2,19,0.0
study_upgrade_k,EQT_UPGRADE,0.8,2,20,0.0
study_upgrade_k,EQT_UPGRADE,0.8,2,21,0.0
study_upgrade_k,EQT_UPGRADE,0.8,2,22,0.0
study_upgrade_k,EQT_UPGRADE,0.8,2,23,0.0
study_upgrade_k,EQT_UPGRADE,0.8,2,24,0.0
study_upgrade_k,EQT_UPGRADE,0.8,2,25,0.0
study_upgrade_k,EQT_UPGRADE,0.8,2,26,0.0
study_upgrade_k,EQT_UPGRADE,0.8,2,27,0.0
study_upgrade_k,EQT_UPGRADE,0.8,2,28,0.0
study_upgrade_k,EQT_UPGRADE,0.8,2,29,0.0
study_upgrade_k,EQT_UPGRADE,0.8,4,0,0.0
study_upgrade_k,EQT_UPGRADE,0.8,4,1,0.0
study_upgrade_k,EQT_UPGRADE,0.8,4,2,0.0
study_upgrade_k,EQT_UPGRADE,0.8,4,3,0.0
study_upgrade_k,EQT_UPGRADE,0.8,4,4,0.0
study_upgrade_k,EQT_UPGRADE,0.8,4,5,0.0
study_upgrade_k,EQT_UPGRADE,0.8,4,6,0.0
study_upgrade_k,EQT_UPGRADE,0.8,4,7,0.0
study_upgrade_k,EQT_UPGRADE,0.8,4,8,0.0
study_upgrade_k,EQT_UPGRADE,0.8,4,9,0.0
study_upgrade_k,EQT_UPGRADE,0.8,4,10,0.0
study_upgrade_k,EQT_UPGRADE,0.8,4,11,0.0
study_upgrade_k,EQT_UPGRADE,0.8,4,12,0.0
study_upgrade_k,EQT_UPGRADE,0.8,4,13,0.0
study_upgrade_k,EQT_UPGRADE,0.8,4,14,0.0
study_upgrade_k,EQT_UPGRADE,0.8,4,15,0.0
study_upgrade_k,EQT_UPGRADE,0.8,4,16,0.0
study_upgrade_k,EQT_UPGRADE,0.8,4,17,0.0
study_upgrade_k,EQT_UPGRADE,0.8,4,18,0.0
study_upgrade_k,EQT_UPGRADE,0.8,4,19,0.0
study_upgrade_k,EQT_UPGRADE,0.8,4,20,0.0
study_upgrade_k,EQT_UPGRADE,0.8,4,21,0.0
study_upgrade_k,EQT_UPGRADE,0.8,4,22,0.0
study_upgrade_k,EQT_UPGRADE,0.8,4,23,0.0
study_upgrade_k,EQT_UPGRADE,0.8,4,24,0.0
study_upgrade_k,EQT_UPGRADE,0.8,4,25,0.0
study_upgrade_k,EQT_UPGRADE,0.8,4,26,0.0
study_upgrade_k,EQT_UPGRADE,0.8,4,27,0.0
study_upgrade_k,EQT_UPGRADE,0.8,4,28,0.0
study_upgrade_k,EQT_UPGRADE,0.8,4,29,0.0
study_upgrade_k,EQT_UPGRADE,0.8,8,0,0.0
study_upgrade_k,EQT_UPGRADE,0.8,8,1,0.0
study_upgrade_k,EQT_UPGRADE,0.8,8,2,0.0
study_upgrade_k,EQT_UPGRADE,0.8,8,3,0.0
study_upgrade_k,EQT_UPGRADE,0.8,8,4,0.0
study_upgrade_k,EQT_UPGRADE,0.8,8,5,0.0
study_upgrade_k,EQT_UPGRADE,0.8,8,6,0.0
study_upgrade_k,EQT_UPGRADE,0.8,8,7,0.0
study_upgrade_k,EQT_UPGRADE,0.8,8,8,0.0
study_upgrade_k,EQT_UPGRADE,0.8,8,9,0.0
study_upgrade_k,EQT_UPGRADE,0.8,8,10,0.0
study_upgrade_k,EQT_UPGRADE,0.8,8,11,0.0
study_upgrade_k,EQT_UPGRADE,0.8,8,12,0.0
study_upgrade_k,EQT_UPGRADE,0.8,8,13,0.0
study_upgrade_k,EQT_UPGRADE,0.8,8,14,0.0
study_upgrade_k,EQT_UPGRADE,0.8,8,15,0.0
study_upgrade_k,EQT_UPGRADE,0.8,8,16,0.0
study_upgrade_k,EQT_UPGRADE,0.8,8,17,0.0
study_upgrade_k,EQT_UPGRADE,0.8,8,18,0.0
study_upgrade_k,EQT_UPGRADE,0.8,8,19,0.0
study_upgrade_k,EQT_UPGRADE,0.8,8,20,0.0
study_upgrade_k,EQT_UPGRADE,0.8,8,21,0.0
study_upgrade_k,EQT_UPGRADE,0.8,8,22,0.0
study_upgrade_k,EQT_UPGRADE,0.8,8,23,0.0
study_upgrade_k,EQT_UPGRADE,0.8,8,24,0.0
study_upgrade_k,EQT_UPGRADE,0.8,8,25,0.0
study_upgrade_k,EQT_UPGRADE,0.8,8,26,0.0
study_upgrade_k,EQT_UPGRADE,0.8,8,27,0.0
study_upgrade_k,EQT_UPGRADE,0.8,8,28,0.0
study_upgrade_k,EQT_UPGRADE,0.8,8,29,0.0
study_upgrade_k,EQT_UPGRADE,0.9,1,0,0.0
study_upgrade_k,EQT_UPGRADE,0.9,1,1,0.0
study_upgrade_k,EQT_UPGRADE,0.9,1,2,0.0
study_upgrade_k,EQT_UPGRADE,0.9,1,3,0.0
study_upgrade_k,EQT_UPGRADE,0.9,1,4,0.0
study_upgrade_k,EQT_UPGRADE,0.9,1,5,0.0
study_upgrade_k,EQT_UPGRADE,0.9,1,6,0.0
study_upgrade_k,EQT_UPGRADE,0.9,1,7,0.0
study_upgrade_k,EQT_UPGRADE,0.9,1,8,0.0
study_upgrade_k,EQT_UPGRADE,0.9,1,9,0.0
study_upgrade_k,EQT_UPGRADE,0.9,1,10,0.0
study_upgrade_k,EQT_UPGRADE,0.9,1,11,0.0
study_upgrade_k,EQT_UPGRADE,0.9,1,12,0.0
study_upgrade_k,EQT_UPGRADE,0.9,1,13,0.0
study_upgrade_k,EQT_UPGRADE,0.9,1,14,0.0
study_upgrade_k,EQT_UPGRADE,0.9,1,15,0.0
study_upgrade_k,EQT_UPGRADE,0.9,1,16,0.0
study_upgrade_k,EQT_UPGRADE,0.9,1,17,0.0
study_upgrade_k,EQT_UPGRADE,0.9,1,18,0.0
study_upgrade_k,EQT_UPGRADE,0.9,1,19,0.0
study_upgrade_k,EQT_UPGRADE,0.9,1,20,0.0
study_upgrade_k,EQT_UPGRADE,0.9,1,21,0.0
study_upgrade_k,EQT_UPGRADE,0.9,1,22,0.0
study_upgrade_k,EQT_UPGRADE,0.9,1,23,0.0
study_upgrade_k,EQT_UPGRADE,0.9,1,24,0.0
study_upgrade_k,EQT_UPGRADE,0.9,1,25,0.0
study_upgrade_k,EQT_UPGRADE,0.9,1,26,0.0
study_upgrade_k,EQT_UPGRADE,0.9,1,27,0.0
study_upgrade_k,EQT_UPGRADE,0.9,1,28,0.0
study_upgrade_k,EQT_UPGRADE,0.9,1,29,0.0
study_upgrade_k,EQT_UPGRADE,0.9,2,0,0.0
study_upgrade_k,EQT_UPGRADE,0.9,2,1,0.0
study_upgrade_k,EQT_UPGRADE,0.9,2,2,0.0
study_upgrade_k,EQT_UPGRADE,0.9,2,3,0.0
study_upgrade_k,EQT_UPGRADE,0.9,2,4,0.0
study_upgrade_k,EQT_UPGRADE,0.9,2,5,0.0
study_upgrade_k,EQT_UPGRADE,0.9,2,6,0.0
study_upgrade_k,EQT_UPGRADE,0.9,2,7,0.0
study_upgrade_k,EQT_UPGRADE,0.9,2,8,0.0
study_upgrade_k,EQT_UPGRADE,0.9,2,9,0.0
study_upgrade_k,EQT_UPGRADE,0.9,2,10,0.0
study_upgrade_k,EQT_UPGRADE,0.9,2,11,0.0
study_upgrade_k,EQT_UPGRADE,0.9,2,12,0.0
study_upgrade_k,EQT_UPGRADE,0.9,2,13,0.0
study_upgrade_k,EQT_UPGRADE,0.9,2,14,0.0
study_upgrade_k,EQT_UPGRADE,0.9,2,15,0.0
study_upgrade_k,EQT_UPGRADE,0.9,2,16,0.0
study_upgrade_k,EQT_UPGRADE,0.9,2,17,0.0
study_upgrade_k,EQT_UPGRADE,0.9,2,18,0.0
study_upgrade_k,EQT_UPGRADE,0.9,2,19,0.0
study_upgrade_k,EQT_UPGRADE,0.9,2,20,0.0
study_upgrade_k,EQT_UPGRADE,0.9,2,21,0.0
study_upgrade_k,EQT_UPGRADE,0.9,2,22,0.0
study_upgrade_k,EQT_UPGRADE,0.9,2,23,0.0
study_upgrade_k,EQT_UPGRADE,0.9,2,24,0.0
study_upgrade_k,EQT_UPGRADE,0.9,2,25,0.0
study_upgrade_k,EQT_UPGRADE,0.9,2,26,0.0
study_upgrade_k,EQT_UPGRADE,0.9,2,27,0.0
study_upgrade_k,EQT_UPGRADE,0.9,2,28,0.0
study_upgrade_k,EQT_UPGRADE,0.9,2,29,0.0
study_upgrade_k,EQT_UPGRADE,0.9,4,0,0.0
study_upgrade_k,EQT_UPGRADE,0.9,4,1,0.0
study_upgrade_k,EQT_UPGRADE,0.9,4,2,0.0
study_upgrade_k,EQT_UPGRADE,0.9,4,3,0.0
study_upgrade_k,EQT_UPGRADE,0.9,4,4,0.0
study_upgrade_k,EQT_UPGRADE,0.9,4,5,0.0
study_upgrade_k,EQT_UPGRADE,0.9,4,6,0.0
study_upgrade_k,EQT_UPGRADE,0.9,4,7,0.0
study_upgrade_k,EQT_UPGRADE,0.9,4,8,0.0
study_upgrade_k,EQT_UPGRADE,0.9,4,9,0.0
study_upgrade_k,EQT_UPGRADE,0.9,4,10,0.0
study_upgrade_k,EQT_UPGRADE,0.9,4,11,0.0
study_upgrade_k,EQT_UPGRADE,0.9,4,12,0.0
study_upgrade_k,EQT_UPGRADE,0.9,4,13,0.0
study_upgrade_k,EQT_UPGRADE,0.9,4,14,0.0
study_upgrade_k,EQT_UPGRADE,0.9,4,15,0.0
study_upgrade_k,EQT_UPGRADE,0.9,4,16,0.0
study_upgrade_k,EQT_UPGRADE,0.9,4,17,0.0
study_upgrade_k,EQT_UPGRADE,0.9,4,18,0.0
study_upgrade_k,EQT_UPGRADE,0.9,4,19,0.0
study_upgrade_k,EQT_UPGRADE,0.9,4,20,0.0
study_upgrade_k,EQT_UPGRADE,0.9,4,21,0.0
study_upgrade_k,EQT_UPGRADE,0.9,4,22,0.0
study_upgrade_k,EQT_UPGRADE,0.9,4,23,0.0
study_upgrade_k,EQT_UPGRADE,0.9,4,24,0.0
study_upgrade_k,EQT_UPGRADE,0.9,4,25,0.0
study_upgrade_k,EQT_UPGRADE,0.9,4,26,0.0
study_upgrade_k,EQT_UPGRADE,0.9,4,27,0.0
study_upgrade_k,EQT_UPGRADE,0.9,4,28,0.0
study_upgrade_k,EQT_UPGRADE,0.9,4,29,0.0
study_upgrade_k,EQT_UPGRADE,0.9,8,0,0.0
study_upgrade_k,EQT_UPGRADE,0.9,8,1,0.0
study_upgrade_k,EQT_UPGRADE,0.9,8,2,0.0
study_upgrade_k,EQT_UPGRADE,0.9,8,3,0.0
study_upgrade_k,EQT_UPGRADE,0.9,8,4,0.0
study_upgrade_k,EQT_UPGRADE,0.9,8,5,0.0
study_upgrade_k,EQT_UPGRADE,0.9,8,6,0.0
study_upgrade_k,EQT_UPGRADE,0.9,8,7,0.0
study_upgrade_k,EQT_UPGRADE,0.9,8,8,0.0
study_upgrade_k,EQT_UPGRADE,0.9,8,9,0.0
study_upgrade_k,EQT_UPGRADE,0.9,8,10,0.0
study_upgrade_k,EQT_UPGRADE,0.9,8,11,0.0
study_upgrade_k,EQT_UPGRADE,0.9,8,12,0.0
study_upgrade_k,EQT_UPGRADE,0.9,8,13,0.0
study_upgrade_k,EQT_UPGRADE,0.9,8,14,0.0
study_upgrade_k,EQT_UPGRADE,0.9,8,15,0.0
study_upgrade_k,EQT_UPGRADE,0.9,8,16,0.0
study_upgrade_k,EQT_UPGRADE,0.9,8,17,0.0
study_upgrade_k,EQT_UPGRADE,0.9,8,18,0.0
study_upgrade_k,EQT_UPGRADE,0.9,8,19,0.0
study_upgrade_k,EQT_UPGRADE,0.9,8,20,0.0
study_upgrade_k,EQT_UPGRADE,0.9,8,21,0.0
study_upgrade_k,EQT_UPGRADE,0.9,8,22,0.0
study_upgrade_k,EQT_UPGRADE,0.9,8,23,0.0
study_upgrade_k,EQT_UPGRADE,0.9,8,24,0.0
study_upgrade_k,EQT_UPGRADE,0.9,8,25,0.0
study_upgrade_k,EQT_UPGRADE,0.9,8,26,0.0
study_upgrade_k,EQT_UPGRADE,0.9,8,27,0.0
study_upgrade_k,EQT_UPGRADE,0.9,8,28,0.0
study_upgrade_k,EQT_UPGRADE,0.9,8,29,0.0
