request_id,src,dst,t_start,deadline,success,t_finish
0,12,13,0.0,5.0,1,0.7588207759120392
1,12,13,0.0005,5.0005,1,2.154583443498761
2,12,13,0.001,5.001,1,2.959033200124846
3,12,13,0.0015,5.0015,1,3.6938375430394705
4,12,13,0.002,5.002,1,4.945951363247084
5,12,13,0.0025000000000000005,5.0025,0,
6,12,13,0.003,5.003,0,
7,12,13,0.0035000000000000005,5.0035,0,
8,12,13,0.004,5.004,0,
9,12,13,0.0045,5.0045,0,
10,12,13,0.005000000000000001,5.005,0,
11,12,13,0.0055000000000000005,5.0055,0,
12,12,13,0.006,5.006,0,
13,12,13,0.006500000000000001,5.0065,0,
14,12,13,0.007000000000000001,5.007,0,
15,12,13,0.0075,5.0075,0,
16,12,13,0.008,5.008,0,
17,12,13,0.0085,5.0085,0,
18,12,13,0.009,5.009,0,
19,12,13,0.009500000000000001,5.0095,0,
20,12,13,0.010000000000000002,5.01,0,
21,12,13,0.0105,5.0105,0,
22,12,13,0.011000000000000001,5.011,0,
23,12,13,0.011500000000000002,5.0115,0,
24,12,13,0.012,5.012,0,
25,12,13,0.0125,5.0125,0,
26,12,13,0.013000000000000001,5.013,0,
27,12,13,0.013500000000000002,5.0135,0,
28,12,13,0.014000000000000002,5.014,0,
29,12,13,0.014499999999999999,5.0145,0,
30,12,13,0.015,5.015,0,
31,12,13,0.0155,5.0155,0,
32,12,13,0.016,5.016,0,
33,12,13,0.0165,5.0165,0,
34,12,13,0.017,5.017,0,
35,12,13,0.017499999999999998,5.0175,0,
36,12,13,0.018,5.018,0,
37,12,13,0.0185,5.0185,0,
38,12,13,0.019000000000000003,5.019,0,
39,12,13,0.019500000000000003,5.0195,0,
40,12,13,0.020000000000000004,5.02,0,
41,12,13,0.0205,5.0205,0,
42,12,13,0.021,5.021,0,
43,12,13,0.021500000000000002,5.0215,0,
44,12,13,0.022000000000000002,5.022,0,
45,12,13,0.022500000000000003,5.0225,0,
46,12,13,0.023000000000000003,5.023,0,
47,12,13,0.0235,5.0235,0,
48,12,13,0.024,5.024,0,
49,12,13,0.0245,5.0245,0,
50,12,13,0.025,5.025,0,
51,12,13,0.025500000000000002,5.0255,0,
52,12,13,0.026000000000000002,5.026,0,
53,12,13,0.026500000000000003,5.0265,0,
54,12,13,0.027000000000000003,5.027,0,
55,12,13,0.027500000000000004,5.0275,0,
56,12,13,0.028000000000000004,5.028,0,
57,12,13,0.028499999999999998,5.0285,0,
58,12,13,0.028999999999999998,5.029,0,
59,12,13,0.0295,5.0295,0,
60,12,13,0.03,5.03,0,
61,12,13,0.0305,5.0305,0,
62,12,13,0.031,5.031,0,
63,12,13,0.0315,5.0315,0,
64,12,13,0.032,5.032,0,
65,12,13,0.0325,5.0325,0,
66,12,13,0.033,5.033,0,
67,12,13,0.0335,5.0335,0,
68,12,13,0.034,5.034,0,
69,12,13,0.034499999999999996,5.0345,0,
70,12,13,0.034999999999999996,5.035,0,
71,12,13,0.0355,5.0355,0,
72,12,13,0.036,5.036,0,
73,12,13,0.0365,5.0365,0,
74,12,13,0.037,5.037,0,
75,12,13,0.037500000000000006,5.0375,0,
76,12,13,0.038000000000000006,5.038,0,
77,12,13,0.038500000000000006,5.0385,0,
78,12,13,0.03900000000000001,5.039,0,
79,12,13,0.03950000000000001,5.0395,0,
80,12,13,0.04000000000000001,5.04,0,
81,12,13,0.04050000000000001,5.0405,0,
82,12,13,0.041,5.041,0,
83,12,13,0.0415,5.0415,0,
84,12,13,0.042,5.042,0,
85,12,13,0.0425,5.0425,0,
86,12,13,0.043000000000000003,5.043,0,
87,12,13,0.043500000000000004,5.0435,0,
88,12,13,0.044000000000000004,5.044,0,
89,12,13,0.044500000000000005,5.0445,0,
90,12,13,0.045000000000000005,5.045,0,
91,12,13,0.045500000000000006,5.0455,0,
92,12,13,0.046000000000000006,5.046,0,
93,12,13,0.04650000000000001,5.0465,0,
94,12,13,0.047,5.047,0,
95,12,13,0.0475,5.0475,0,
96,12,13,0.048,5.048,0,
97,12,13,0.0485,5.0485,0,
98,12,13,0.049,5.049,0,
99,12,13,0.0495,5.0495,0,
100,12,13,0.05,5.05,0,
101,12,13,0.0505,5.0505,0,
102,12,13,0.051000000000000004,5.051,0,
103,12,13,0.051500000000000004,5.0515,0,
104,12,13,0.052000000000000005,5.052,0,
105,12,13,0.052500000000000005,5.0525,0,
106,12,13,0.053000000000000005,5.053,0,
107,12,13,0.053500000000000006,5.0535,0,
108,12,13,0.054000000000000006,5.054,0,
109,12,13,0.05450000000000001,5.0545,0,
110,12,13,0.05500000000000001,5.055,0,
111,12,13,0.05550000000000001,5.0555,0,
112,12,13,0.05600000000000001,5.056,0,
113,12,13,0.056499999999999995,5.0565,0,
114,12,13,0.056999999999999995,5.057,0,
115,12,13,0.057499999999999996,5.0575,0,
116,12,13,0.057999999999999996,5.058,0,
117,12,13,0.058499999999999996,5.0585,0,
118,12,13,0.059,5.059,0,
119,12,13,0.0595,5.0595,0,
120,12,13,0.06,5.06,0,
121,12,13,0.0605,5.0605,0,
122,12,13,0.061,5.061,0,
123,12,13,0.0615,5.0615,0,
124,12,13,0.062,5.062,0,
125,12,13,0.0625,5.0625,0,
126,12,13,0.063,5.063,0,
127,12,13,0.0635,5.0635,0,
128,12,13,0.064,5.064,0,
129,12,13,0.0645,5.0645,0,
130,12,13,0.065,5.065,0,
131,12,13,0.0655,5.0655,0,
132,12,13,0.066,5.066,0,
133,12,13,0.0665,5.0665,0,
134,12,13,0.067,5.067,0,
135,12,13,0.0675,5.0675,0,
136,12,13,0.068,5.068,0,
137,12,13,0.0685,5.0685,0,
138,12,13,0.06899999999999999,5.069,0,
139,12,13,0.06949999999999999,5.0695,0,
140,12,13,0.06999999999999999,5.07,0,
141,12,13,0.0705,5.0705,0,
142,12,13,0.071,5.071,0,
143,12,13,0.0715,5.0715,0,
144,12,13,0.072,5.072,0,
145,12,13,0.0725,5.0725,0,
146,12,13,0.073,5.073,0,
147,12,13,0.0735,5.0735,0,
148,12,13,0.074,5.074,0,
149,12,13,0.0745,5.0745,0,
150,12,13,0.07500000000000001,5.075,0,
151,12,13,0.07550000000000001,5.0755,0,
152,12,13,0.07600000000000001,5.076,0,
153,12,13,0.07650000000000001,5.0765,0,
154,12,13,0.07700000000000001,5.077,0,
155,12,13,0.07750000000000001,5.0775,0,
156,12,13,0.07800000000000001,5.078,0,
157,12,13,0.07850000000000001,5.0785,0,
158,12,13,0.07900000000000001,5.079,0,
159,12,13,0.07950000000000002,5.0795,0,
160,12,13,0.08000000000000002,5.08,0,
161,12,13,0.08050000000000002,5.0805,0,
162,12,13,0.08100000000000002,5.081,0,
163,12,13,0.0815,5.0815,0,
164,12,13,0.082,5.082,0,
165,12,13,0.0825,5.0825,0,
166,12,13,0.083,5.083,0,
167,12,13,0.0835,5.0835,0,
168,12,13,0.084,5.084,0,
169,12,13,0.0845,5.0845,0,
170,12,13,0.085,5.085,0,
171,12,13,0.0855,5.0855,0,
172,12,13,0.08600000000000001,5.086,0,
173,12,13,0.08650000000000001,5.0865,0,
174,12,13,0.08700000000000001,5.087,0,
175,12,13,0.08750000000000001,5.0875,0,
176,12,13,0.08800000000000001,5.088,0,
177,12,13,0.08850000000000001,5.0885,0,
178,12,13,0.08900000000000001,5.089,0,
179,12,13,0.08950000000000001,5.0895,0,
180,12,13,0.09000000000000001,5.09,0,
181,12,13,0.09050000000000001,5.0905,0,
182,12,13,0.09100000000000001,5.091,0,
183,12,13,0.09150000000000001,5.0915,0,
184,12,13,0.09200000000000001,5.092,0,
185,12,13,0.09250000000000001,5.0925,0,
186,12,13,0.09300000000000001,5.093,0,
187,12,13,0.09350000000000001,5.0935,0,
188,12,13,0.094,5.094,0,
189,12,13,0.0945,5.0945,0,
190,12,13,0.095,5.095,0,
191,12,13,0.0955,5.0955,0,
192,12,13,0.096,5.096,0,
193,12,13,0.0965,5.0965,0,
194,12,13,0.097,5.097,0,
195,12,13,0.0975,5.0975,0,
196,12,13,0.098,5.098,0,
197,12,13,0.0985,5.0985,0,
198,12,13,0.099,5.099,0,
199,12,13,0.0995,5.0995,0,
